agency_id,agency_name,agency_type,year_month,sworn_officers,total_cfs,n_arrests,n_uof,provisional,uof_per_100_arrests
A001,Riverbend Police Department,Municipal Police,2019-01,412,17596,1691,41,0,2.425
A001,Riverbend Police Department,Municipal Police,2019-02,412,17809,1633,51,0,3.123
A001,Riverbend Police Department,Municipal Police,2019-03,412,17929,1729,58,0,3.355
A001,Riverbend Police Department,Municipal Police,2019-04,412,18262,1770,83,0,4.689
A001,Riverbend Police Department,Municipal Police,2019-05,412,18842,1706,61,0,3.576
A001,Riverbend Police Department,Municipal Police,2019-06,412,19084,1942,90,0,4.634
A001,Riverbend Police Department,Municipal Police,2019-07,412,20438,1801,98,0,5.441
A001,Riverbend Police Department,Municipal Police,2019-08,412,20010,1692,83,0,4.905
A001,Riverbend Police Department,Municipal Police,2019-09,412,19578,1777,85,0,4.783
A001,Riverbend Police Department,Municipal Police,2019-10,412,19279,1517,69,0,4.548
A001,Riverbend Police Department,Municipal Police,2019-11,412,18555,1616,59,0,3.651
A001,Riverbend Police Department,Municipal Police,2019-12,412,18090,1600,46,0,2.875
A001,Riverbend Police Department,Municipal Police,2020-01,412,18769,1853,58,0,3.13
A001,Riverbend Police Department,Municipal Police,2020-02,412,17712,1497,37,0,2.472
A001,Riverbend Police Department,Municipal Police,2020-03,412,18997,1677,51,0,3.041
A001,Riverbend Police Department,Municipal Police,2020-04,412,19038,1729,65,0,3.759
A001,Riverbend Police Department,Municipal Police,2020-05,412,19268,1792,69,0,3.85
A001,Riverbend Police Department,Municipal Police,2020-06,412,20159,1807,95,0,5.257
A001,Riverbend Police Department,Municipal Police,2020-07,412,20917,1913,77,0,4.025
A001,Riverbend Police Department,Municipal Police,2020-08,412,21021,2122,77,0,3.629
A001,Riverbend Police Department,Municipal Police,2020-09,412,20264,1856,79,0,4.256
A001,Riverbend Police Department,Municipal Police,2020-10,412,20725,2019,85,0,4.21
A001,Riverbend Police Department,Municipal Police,2020-11,412,18082,1624,51,0,3.14
A001,Riverbend Police Department,Municipal Police,2020-12,412,17526,1700,51,0,3.0
A001,Riverbend Police Department,Municipal Police,2021-01,412,18465,1618,51,0,3.152
A001,Riverbend Police Department,Municipal Police,2021-02,412,17569,1685,42,0,2.493
A001,Riverbend Police Department,Municipal Police,2021-03,412,18043,1697,58,0,3.418
A001,Riverbend Police Department,Municipal Police,2021-04,412,18520,1565,54,0,3.45
A001,Riverbend Police Department,Municipal Police,2021-05,412,21368,1789,51,0,2.851
A001,Riverbend Police Department,Municipal Police,2021-06,412,20323,1807,81,0,4.483
A001,Riverbend Police Department,Municipal Police,2021-07,412,20796,1966,90,0,4.578
A001,Riverbend Police Department,Municipal Police,2021-08,412,21068,1905,72,0,3.78
A001,Riverbend Police Department,Municipal Police,2021-09,412,20103,1730,54,0,3.121
A001,Riverbend Police Department,Municipal Police,2021-10,412,19900,1901,74,0,3.893
A001,Riverbend Police Department,Municipal Police,2021-11,412,18952,1723,45,0,2.612
A001,Riverbend Police Department,Municipal Police,2021-12,412,19002,1647,43,0,2.611
A001,Riverbend Police Department,Municipal Police,2022-01,412,18621,1739,36,0,2.07
A001,Riverbend Police Department,Municipal Police,2022-02,412,18521,1647,47,0,2.854
A001,Riverbend Police Department,Municipal Police,2022-03,412,19186,1612,46,0,2.854
A001,Riverbend Police Department,Municipal Police,2022-04,412,19800,1791,71,0,3.964
A001,Riverbend Police Department,Municipal Police,2022-05,412,20233,1777,64,0,3.602
A001,Riverbend Police Department,Municipal Police,2022-06,412,20925,1991,86,0,4.319
A001,Riverbend Police Department,Municipal Police,2022-07,412,20911,2190,79,0,3.607
A001,Riverbend Police Department,Municipal Police,2022-08,412,21854,2194,75,0,3.418
A001,Riverbend Police Department,Municipal Police,2022-09,412,20853,2010,69,0,3.433
A001,Riverbend Police Department,Municipal Police,2022-10,412,18957,1539,41,0,2.664
A001,Riverbend Police Department,Municipal Police,2022-11,412,20309,1842,54,0,2.932
A001,Riverbend Police Department,Municipal Police,2022-12,412,19070,1753,58,0,3.309
A001,Riverbend Police Department,Municipal Police,2023-01,412,18234,1651,41,0,2.483
A001,Riverbend Police Department,Municipal Police,2023-02,412,18906,1945,50,0,2.571
A001,Riverbend Police Department,Municipal Police,2023-03,412,19259,1943,64,0,3.294
A001,Riverbend Police Department,Municipal Police,2023-04,412,20450,1901,62,0,3.261
A001,Riverbend Police Department,Municipal Police,2023-05,412,21479,1971,54,0,2.74
A001,Riverbend Police Department,Municipal Police,2023-06,412,21865,2026,79,0,3.899
A001,Riverbend Police Department,Municipal Police,2023-07,412,21439,1925,55,0,2.857
A001,Riverbend Police Department,Municipal Police,2023-08,412,20810,1916,62,0,3.236
A001,Riverbend Police Department,Municipal Police,2023-09,412,21726,2124,68,0,3.202
A001,Riverbend Police Department,Municipal Police,2023-10,412,20296,2250,52,0,2.311
A001,Riverbend Police Department,Municipal Police,2023-11,412,20244,1783,52,0,2.916
A001,Riverbend Police Department,Municipal Police,2023-12,412,19581,1755,48,0,2.735
A001,Riverbend Police Department,Municipal Police,2024-01,412,18066,1714,34,0,1.984
A001,Riverbend Police Department,Municipal Police,2024-02,412,18202,1718,51,0,2.969
A001,Riverbend Police Department,Municipal Police,2024-03,412,19746,1934,56,0,2.896
A001,Riverbend Police Department,Municipal Police,2024-04,412,19431,2240,60,0,2.679
A001,Riverbend Police Department,Municipal Police,2024-05,412,21183,1856,53,0,2.856
A001,Riverbend Police Department,Municipal Police,2024-06,412,21697,2050,59,0,2.878
A001,Riverbend Police Department,Municipal Police,2024-07,412,21370,1839,54,0,2.936
A001,Riverbend Police Department,Municipal Police,2024-08,412,21855,1929,60,0,3.11
A001,Riverbend Police Department,Municipal Police,2024-09,412,21360,1803,57,0,3.161
A001,Riverbend Police Department,Municipal Police,2024-10,412,20675,1730,43,0,2.486
A001,Riverbend Police Department,Municipal Police,2024-11,412,19334,1725,48,0,2.783
A001,Riverbend Police Department,Municipal Police,2024-12,412,19369,1497,36,0,2.405
A001,Riverbend Police Department,Municipal Police,2025-01,412,18680,1582,40,0,2.528
A001,Riverbend Police Department,Municipal Police,2025-02,412,19399,1638,43,0,2.625
A001,Riverbend Police Department,Municipal Police,2025-03,412,20299,1758,40,0,2.275
A001,Riverbend Police Department,Municipal Police,2025-04,412,20697,1819,34,0,1.869
A001,Riverbend Police Department,Municipal Police,2025-05,412,21900,1905,42,0,2.205
A001,Riverbend Police Department,Municipal Police,2025-06,412,22294,2222,69,0,3.105
A001,Riverbend Police Department,Municipal Police,2025-07,412,22177,2168,71,0,3.275
A001,Riverbend Police Department,Municipal Police,2025-08,412,22327,2171,76,0,3.501
A001,Riverbend Police Department,Municipal Police,2025-09,412,21888,1940,41,0,2.113
A001,Riverbend Police Department,Municipal Police,2025-10,412,20720,2009,55,0,2.738
A001,Riverbend Police Department,Municipal Police,2025-11,412,19744,1631,36,0,2.207
A001,Riverbend Police Department,Municipal Police,2025-12,412,19498,1858,34,0,1.83
A001,Riverbend Police Department,Municipal Police,2026-01,412,18417,1775,30,0,1.69
A001,Riverbend Police Department,Municipal Police,2026-02,412,19501,1670,34,0,2.036
A001,Riverbend Police Department,Municipal Police,2026-03,412,19980,1863,31,0,1.664
A001,Riverbend Police Department,Municipal Police,2026-04,412,20862,1693,39,0,2.304
A001,Riverbend Police Department,Municipal Police,2026-05,412,15502,1386,24,1,1.732
A001,Riverbend Police Department,Municipal Police,2026-06,412,9615,905,13,1,1.436
A002,Cedar Falls Police Department,Municipal Police,2019-01,188,8198,801,40,0,4.994
A002,Cedar Falls Police Department,Municipal Police,2019-02,188,7951,822,30,0,3.65
A002,Cedar Falls Police Department,Municipal Police,2019-03,188,8612,763,21,0,2.752
A002,Cedar Falls Police Department,Municipal Police,2019-04,188,8816,836,28,0,3.349
A002,Cedar Falls Police Department,Municipal Police,2019-05,188,8616,815,24,0,2.945
A002,Cedar Falls Police Department,Municipal Police,2019-06,188,9160,768,31,0,4.036
A002,Cedar Falls Police Department,Municipal Police,2019-07,188,9269,849,55,0,6.478
A002,Cedar Falls Police Department,Municipal Police,2019-08,188,9459,882,33,0,3.741
A002,Cedar Falls Police Department,Municipal Police,2019-09,188,9431,834,34,0,4.077
A002,Cedar Falls Police Department,Municipal Police,2019-10,188,8830,835,31,0,3.713
A002,Cedar Falls Police Department,Municipal Police,2019-11,188,8309,873,21,0,2.405
A002,Cedar Falls Police Department,Municipal Police,2019-12,188,8564,849,32,0,3.769
A002,Cedar Falls Police Department,Municipal Police,2020-01,188,8145,732,28,0,3.825
A002,Cedar Falls Police Department,Municipal Police,2020-02,188,7471,752,31,0,4.122
A002,Cedar Falls Police Department,Municipal Police,2020-03,188,8415,829,33,0,3.981
A002,Cedar Falls Police Department,Municipal Police,2020-04,188,8360,698,27,0,3.868
A002,Cedar Falls Police Department,Municipal Police,2020-05,188,8748,917,38,0,4.144
A002,Cedar Falls Police Department,Municipal Police,2020-06,188,9698,890,39,0,4.382
A002,Cedar Falls Police Department,Municipal Police,2020-07,188,9291,788,36,0,4.569
A002,Cedar Falls Police Department,Municipal Police,2020-08,188,9146,841,36,0,4.281
A002,Cedar Falls Police Department,Municipal Police,2020-09,188,9198,806,30,0,3.722
A002,Cedar Falls Police Department,Municipal Police,2020-10,188,9191,893,33,0,3.695
A002,Cedar Falls Police Department,Municipal Police,2020-11,188,8712,831,35,0,4.212
A002,Cedar Falls Police Department,Municipal Police,2020-12,188,8189,723,31,0,4.288
A002,Cedar Falls Police Department,Municipal Police,2021-01,188,8085,759,27,0,3.557
A002,Cedar Falls Police Department,Municipal Police,2021-02,188,8376,786,28,0,3.562
A002,Cedar Falls Police Department,Municipal Police,2021-03,188,8470,773,17,0,2.199
A002,Cedar Falls Police Department,Municipal Police,2021-04,188,9322,782,26,0,3.325
A002,Cedar Falls Police Department,Municipal Police,2021-05,188,9249,861,34,0,3.949
A002,Cedar Falls Police Department,Municipal Police,2021-06,188,11303,980,176,0,17.959
A002,Cedar Falls Police Department,Municipal Police,2021-07,188,9659,989,45,0,4.55
A002,Cedar Falls Police Department,Municipal Police,2021-08,188,10485,946,37,0,3.911
A002,Cedar Falls Police Department,Municipal Police,2021-09,188,9180,901,43,0,4.772
A002,Cedar Falls Police Department,Municipal Police,2021-10,188,9354,841,27,0,3.21
A002,Cedar Falls Police Department,Municipal Police,2021-11,188,8773,818,21,0,2.567
A002,Cedar Falls Police Department,Municipal Police,2021-12,188,8564,827,35,0,4.232
A002,Cedar Falls Police Department,Municipal Police,2022-01,188,8290,804,28,0,3.483
A002,Cedar Falls Police Department,Municipal Police,2022-02,188,8429,816,22,0,2.696
A002,Cedar Falls Police Department,Municipal Police,2022-03,188,8426,764,22,0,2.88
A002,Cedar Falls Police Department,Municipal Police,2022-04,188,8976,806,18,0,2.233
A002,Cedar Falls Police Department,Municipal Police,2022-05,188,9010,916,38,0,4.148
A002,Cedar Falls Police Department,Municipal Police,2022-06,188,9676,812,28,0,3.448
A002,Cedar Falls Police Department,Municipal Police,2022-07,188,9664,916,43,0,4.694
A002,Cedar Falls Police Department,Municipal Police,2022-08,188,9856,821,34,0,4.141
A002,Cedar Falls Police Department,Municipal Police,2022-09,188,9561,960,33,0,3.438
A002,Cedar Falls Police Department,Municipal Police,2022-10,188,9101,782,21,0,2.685
A002,Cedar Falls Police Department,Municipal Police,2022-11,188,8618,792,35,0,4.419
A002,Cedar Falls Police Department,Municipal Police,2022-12,188,8561,846,22,0,2.6
A002,Cedar Falls Police Department,Municipal Police,2023-01,188,8313,801,17,0,2.122
A002,Cedar Falls Police Department,Municipal Police,2023-02,188,8356,735,20,0,2.721
A002,Cedar Falls Police Department,Municipal Police,2023-03,188,8391,752,23,0,3.059
A002,Cedar Falls Police Department,Municipal Police,2023-04,188,8969,707,17,0,2.405
A002,Cedar Falls Police Department,Municipal Police,2023-05,188,9601,934,31,0,3.319
A002,Cedar Falls Police Department,Municipal Police,2023-06,188,10257,981,59,0,6.014
A002,Cedar Falls Police Department,Municipal Police,2023-07,188,9930,903,42,0,4.651
A002,Cedar Falls Police Department,Municipal Police,2023-08,188,10260,968,27,0,2.789
A002,Cedar Falls Police Department,Municipal Police,2023-09,188,9935,903,40,0,4.43
A002,Cedar Falls Police Department,Municipal Police,2023-10,188,9581,920,35,0,3.804
A002,Cedar Falls Police Department,Municipal Police,2023-11,188,9045,894,16,0,1.79
A002,Cedar Falls Police Department,Municipal Police,2023-12,188,8729,773,16,0,2.07
A002,Cedar Falls Police Department,Municipal Police,2024-01,188,8332,765,19,0,2.484
A002,Cedar Falls Police Department,Municipal Police,2024-02,188,8494,959,18,0,1.877
A002,Cedar Falls Police Department,Municipal Police,2024-03,188,9187,981,26,0,2.65
A002,Cedar Falls Police Department,Municipal Police,2024-04,188,9262,820,26,0,3.171
A002,Cedar Falls Police Department,Municipal Police,2024-05,188,9103,897,26,0,2.899
A002,Cedar Falls Police Department,Municipal Police,2024-06,188,9427,887,21,0,2.368
A002,Cedar Falls Police Department,Municipal Police,2024-07,188,10059,892,25,0,2.803
A002,Cedar Falls Police Department,Municipal Police,2024-08,188,10635,1024,28,0,2.734
A002,Cedar Falls Police Department,Municipal Police,2024-09,188,9790,902,26,0,2.882
A002,Cedar Falls Police Department,Municipal Police,2024-10,188,9461,847,23,0,2.715
A002,Cedar Falls Police Department,Municipal Police,2024-11,188,9098,856,28,0,3.271
A002,Cedar Falls Police Department,Municipal Police,2024-12,188,8589,804,17,0,2.114
A002,Cedar Falls Police Department,Municipal Police,2025-01,188,8950,851,12,0,1.41
A002,Cedar Falls Police Department,Municipal Police,2025-02,188,8262,759,14,0,1.845
A002,Cedar Falls Police Department,Municipal Police,2025-03,188,9239,965,17,0,1.762
A002,Cedar Falls Police Department,Municipal Police,2025-04,188,8974,844,25,0,2.962
A002,Cedar Falls Police Department,Municipal Police,2025-05,188,9323,961,35,0,3.642
A002,Cedar Falls Police Department,Municipal Police,2025-06,188,9599,845,21,0,2.485
A002,Cedar Falls Police Department,Municipal Police,2025-07,188,10023,955,30,0,3.141
A002,Cedar Falls Police Department,Municipal Police,2025-08,188,9614,746,19,0,2.547
A002,Cedar Falls Police Department,Municipal Police,2025-09,188,10190,977,25,0,2.559
A002,Cedar Falls Police Department,Municipal Police,2025-10,188,9617,973,20,0,2.055
A002,Cedar Falls Police Department,Municipal Police,2025-11,188,9718,894,15,0,1.678
A002,Cedar Falls Police Department,Municipal Police,2025-12,188,9217,848,19,0,2.241
A002,Cedar Falls Police Department,Municipal Police,2026-01,188,9112,788,28,0,3.553
A002,Cedar Falls Police Department,Municipal Police,2026-02,188,8565,757,16,0,2.114
A002,Cedar Falls Police Department,Municipal Police,2026-03,188,8964,835,19,0,2.275
A002,Cedar Falls Police Department,Municipal Police,2026-04,188,9977,948,20,0,2.11
A002,Cedar Falls Police Department,Municipal Police,2026-05,188,7021,627,11,1,1.754
A002,Cedar Falls Police Department,Municipal Police,2026-06,188,4567,425,8,1,1.882
A003,Harbor Point Police Department,Municipal Police,2019-01,95,3992,355,12,0,3.38
A003,Harbor Point Police Department,Municipal Police,2019-02,95,3766,328,7,0,2.134
A003,Harbor Point Police Department,Municipal Police,2019-03,95,4168,380,10,0,2.632
A003,Harbor Point Police Department,Municipal Police,2019-04,95,4282,389,18,0,4.627
A003,Harbor Point Police Department,Municipal Police,2019-05,95,4363,429,15,0,3.497
A003,Harbor Point Police Department,Municipal Police,2019-06,95,4569,420,18,0,4.286
A003,Harbor Point Police Department,Municipal Police,2019-07,95,4520,353,11,0,3.116
A003,Harbor Point Police Department,Municipal Police,2019-08,95,4678,418,22,0,5.263
A003,Harbor Point Police Department,Municipal Police,2019-09,95,4461,382,18,0,4.712
A003,Harbor Point Police Department,Municipal Police,2019-10,95,4535,443,15,0,3.386
A003,Harbor Point Police Department,Municipal Police,2019-11,95,4390,429,12,0,2.797
A003,Harbor Point Police Department,Municipal Police,2019-12,95,4209,440,12,0,2.727
A003,Harbor Point Police Department,Municipal Police,2020-01,95,3985,384,11,0,2.865
A003,Harbor Point Police Department,Municipal Police,2020-02,95,4182,364,9,0,2.473
A003,Harbor Point Police Department,Municipal Police,2020-03,95,4083,362,15,0,4.144
A003,Harbor Point Police Department,Municipal Police,2020-04,95,4444,384,17,0,4.427
A003,Harbor Point Police Department,Municipal Police,2020-05,95,4500,383,16,0,4.178
A003,Harbor Point Police Department,Municipal Police,2020-06,95,4776,411,10,0,2.433
A003,Harbor Point Police Department,Municipal Police,2020-07,95,4662,399,9,0,2.256
A003,Harbor Point Police Department,Municipal Police,2020-08,95,4803,489,22,0,4.499
A003,Harbor Point Police Department,Municipal Police,2020-09,95,4949,401,10,0,2.494
A003,Harbor Point Police Department,Municipal Police,2020-10,95,4540,410,11,0,2.683
A003,Harbor Point Police Department,Municipal Police,2020-11,95,4294,463,10,0,2.16
A003,Harbor Point Police Department,Municipal Police,2020-12,95,4090,372,9,0,2.419
A003,Harbor Point Police Department,Municipal Police,2021-01,95,4257,412,9,0,2.184
A003,Harbor Point Police Department,Municipal Police,2021-02,95,4086,322,12,0,3.727
A003,Harbor Point Police Department,Municipal Police,2021-03,95,4297,436,15,0,3.44
A003,Harbor Point Police Department,Municipal Police,2021-04,95,4530,418,7,0,1.675
A003,Harbor Point Police Department,Municipal Police,2021-05,95,4690,451,14,0,3.104
A003,Harbor Point Police Department,Municipal Police,2021-06,95,4935,521,24,0,4.607
A003,Harbor Point Police Department,Municipal Police,2021-07,95,4851,412,13,0,3.155
A003,Harbor Point Police Department,Municipal Police,2021-08,95,4705,414,10,0,2.415
A003,Harbor Point Police Department,Municipal Police,2021-09,95,4437,377,13,0,3.448
A003,Harbor Point Police Department,Municipal Police,2021-10,95,4514,436,12,0,2.752
A003,Harbor Point Police Department,Municipal Police,2021-11,95,4503,412,16,0,3.883
A003,Harbor Point Police Department,Municipal Police,2021-12,95,4302,443,18,0,4.063
A003,Harbor Point Police Department,Municipal Police,2022-01,95,4195,364,8,0,2.198
A003,Harbor Point Police Department,Municipal Police,2022-02,95,4261,434,7,0,1.613
A003,Harbor Point Police Department,Municipal Police,2022-03,95,4316,332,9,0,2.711
A003,Harbor Point Police Department,Municipal Police,2022-04,95,4515,426,10,0,2.347
A003,Harbor Point Police Department,Municipal Police,2022-05,95,4510,391,15,0,3.836
A003,Harbor Point Police Department,Municipal Police,2022-06,95,4548,429,14,0,3.263
A003,Harbor Point Police Department,Municipal Police,2022-07,95,4943,462,22,0,4.762
A003,Harbor Point Police Department,Municipal Police,2022-08,95,4643,454,14,0,3.084
A003,Harbor Point Police Department,Municipal Police,2022-09,95,4824,422,12,0,2.844
A003,Harbor Point Police Department,Municipal Police,2022-10,95,4887,385,8,0,2.078
A003,Harbor Point Police Department,Municipal Police,2022-11,95,4474,450,14,0,3.111
A003,Harbor Point Police Department,Municipal Police,2022-12,95,4212,394,14,0,3.553
A003,Harbor Point Police Department,Municipal Police,2023-01,95,4062,364,14,0,3.846
A003,Harbor Point Police Department,Municipal Police,2023-02,95,4400,451,12,0,2.661
A003,Harbor Point Police Department,Municipal Police,2023-03,95,4265,335,11,0,3.284
A003,Harbor Point Police Department,Municipal Police,2023-04,95,4655,430,4,0,0.93
A003,Harbor Point Police Department,Municipal Police,2023-05,95,4966,434,16,0,3.687
A003,Harbor Point Police Department,Municipal Police,2023-06,95,5161,465,20,0,4.301
A003,Harbor Point Police Department,Municipal Police,2023-07,95,4997,427,15,0,3.513
A003,Harbor Point Police Department,Municipal Police,2023-08,95,4907,398,13,0,3.266
A003,Harbor Point Police Department,Municipal Police,2023-09,95,4890,399,7,0,1.754
A003,Harbor Point Police Department,Municipal Police,2023-10,95,4446,446,7,0,1.57
A003,Harbor Point Police Department,Municipal Police,2023-11,95,4598,429,11,0,2.564
A003,Harbor Point Police Department,Municipal Police,2023-12,95,4438,326,7,0,2.147
A003,Harbor Point Police Department,Municipal Police,2024-01,95,4222,312,5,0,1.603
A003,Harbor Point Police Department,Municipal Police,2024-02,95,4597,430,8,0,1.86
A003,Harbor Point Police Department,Municipal Police,2024-03,95,4488,410,12,0,2.927
A003,Harbor Point Police Department,Municipal Police,2024-04,95,4674,454,11,0,2.423
A003,Harbor Point Police Department,Municipal Police,2024-05,95,4945,441,13,0,2.948
A003,Harbor Point Police Department,Municipal Police,2024-06,95,5056,449,16,0,3.563
A003,Harbor Point Police Department,Municipal Police,2024-07,95,5059,474,16,0,3.376
A003,Harbor Point Police Department,Municipal Police,2024-08,95,5073,494,18,0,3.644
A003,Harbor Point Police Department,Municipal Police,2024-09,95,5089,463,12,0,2.592
A003,Harbor Point Police Department,Municipal Police,2024-10,95,4883,465,11,0,2.366
A003,Harbor Point Police Department,Municipal Police,2024-11,95,4558,492,7,0,1.423
A003,Harbor Point Police Department,Municipal Police,2024-12,95,4627,423,7,0,1.655
A003,Harbor Point Police Department,Municipal Police,2025-01,95,4247,407,13,0,3.194
A003,Harbor Point Police Department,Municipal Police,2025-02,95,4333,395,13,0,3.291
A003,Harbor Point Police Department,Municipal Police,2025-03,95,4525,365,6,0,1.644
A003,Harbor Point Police Department,Municipal Police,2025-04,95,4722,453,11,0,2.428
A003,Harbor Point Police Department,Municipal Police,2025-05,95,4795,397,13,0,3.275
A003,Harbor Point Police Department,Municipal Police,2025-06,95,5116,517,18,0,3.482
A003,Harbor Point Police Department,Municipal Police,2025-07,95,5416,499,17,0,3.407
A003,Harbor Point Police Department,Municipal Police,2025-08,95,5416,541,11,0,2.033
A003,Harbor Point Police Department,Municipal Police,2025-09,95,4822,452,15,0,3.319
A003,Harbor Point Police Department,Municipal Police,2025-10,95,5085,474,13,0,2.743
A003,Harbor Point Police Department,Municipal Police,2025-11,95,4755,415,5,0,1.205
A003,Harbor Point Police Department,Municipal Police,2025-12,95,4402,378,7,0,1.852
A003,Harbor Point Police Department,Municipal Police,2026-01,95,4452,440,7,0,1.591
A003,Harbor Point Police Department,Municipal Police,2026-02,95,4373,381,7,0,1.837
A003,Harbor Point Police Department,Municipal Police,2026-03,95,4576,388,10,0,2.577
A003,Harbor Point Police Department,Municipal Police,2026-04,95,4621,437,10,0,2.288
A003,Harbor Point Police Department,Municipal Police,2026-05,95,3640,300,10,1,3.333
A003,Harbor Point Police Department,Municipal Police,2026-06,95,2273,241,4,1,1.66
A004,Millgate Police Department,Municipal Police,2019-01,54,2292,204,10,0,4.902
A004,Millgate Police Department,Municipal Police,2019-02,54,2413,204,5,0,2.451
A004,Millgate Police Department,Municipal Police,2019-03,54,2305,198,3,0,1.515
A004,Millgate Police Department,Municipal Police,2019-04,54,2420,218,10,0,4.587
A004,Millgate Police Department,Municipal Police,2019-05,54,2462,253,8,0,3.162
A004,Millgate Police Department,Municipal Police,2019-06,54,2677,240,5,0,2.083
A004,Millgate Police Department,Municipal Police,2019-07,54,2650,238,14,0,5.882
A004,Millgate Police Department,Municipal Police,2019-08,54,2505,234,18,0,7.692
A004,Millgate Police Department,Municipal Police,2019-09,54,2645,246,15,0,6.098
A004,Millgate Police Department,Municipal Police,2019-10,54,2748,278,6,0,2.158
A004,Millgate Police Department,Municipal Police,2019-11,54,2364,208,7,0,3.365
A004,Millgate Police Department,Municipal Police,2019-12,54,2386,235,8,0,3.404
A004,Millgate Police Department,Municipal Police,2020-01,54,2303,241,5,0,2.075
A004,Millgate Police Department,Municipal Police,2020-02,54,2425,215,11,0,5.116
A004,Millgate Police Department,Municipal Police,2020-03,54,2269,197,7,0,3.553
A004,Millgate Police Department,Municipal Police,2020-04,54,2388,233,9,0,3.863
A004,Millgate Police Department,Municipal Police,2020-05,54,2480,251,10,0,3.984
A004,Millgate Police Department,Municipal Police,2020-06,54,2669,237,13,0,5.485
A004,Millgate Police Department,Municipal Police,2020-07,54,2759,257,9,0,3.502
A004,Millgate Police Department,Municipal Police,2020-08,54,2726,255,7,0,2.745
A004,Millgate Police Department,Municipal Police,2020-09,54,2656,234,10,0,4.274
A004,Millgate Police Department,Municipal Police,2020-10,54,2571,224,8,0,3.571
A004,Millgate Police Department,Municipal Police,2020-11,54,2394,205,2,0,0.976
A004,Millgate Police Department,Municipal Police,2020-12,54,2449,198,4,0,2.02
A004,Millgate Police Department,Municipal Police,2021-01,54,2433,197,5,0,2.538
A004,Millgate Police Department,Municipal Police,2021-02,54,2539,198,6,0,3.03
A004,Millgate Police Department,Municipal Police,2021-03,54,2406,212,8,0,3.774
A004,Millgate Police Department,Municipal Police,2021-04,54,2568,223,7,0,3.139
A004,Millgate Police Department,Municipal Police,2021-05,54,2597,231,9,0,3.896
A004,Millgate Police Department,Municipal Police,2021-06,54,2794,230,7,0,3.043
A004,Millgate Police Department,Municipal Police,2021-07,54,2820,244,16,0,6.557
A004,Millgate Police Department,Municipal Police,2021-08,54,2730,235,8,0,3.404
A004,Millgate Police Department,Municipal Police,2021-09,54,2648,261,12,0,4.598
A004,Millgate Police Department,Municipal Police,2021-10,54,2647,277,9,0,3.249
A004,Millgate Police Department,Municipal Police,2021-11,54,2671,256,14,0,5.469
A004,Millgate Police Department,Municipal Police,2021-12,54,2626,254,8,0,3.15
A004,Millgate Police Department,Municipal Police,2022-01,54,2503,269,10,0,3.717
A004,Millgate Police Department,Municipal Police,2022-02,54,2390,236,4,0,1.695
A004,Millgate Police Department,Municipal Police,2022-03,54,2580,234,10,0,4.274
A004,Millgate Police Department,Municipal Police,2022-04,54,2533,248,7,0,2.823
A004,Millgate Police Department,Municipal Police,2022-05,54,2635,255,11,0,4.314
A004,Millgate Police Department,Municipal Police,2022-06,54,2806,251,9,0,3.586
A004,Millgate Police Department,Municipal Police,2022-07,54,2720,238,7,0,2.941
A004,Millgate Police Department,Municipal Police,2022-08,54,2752,258,11,0,4.264
A004,Millgate Police Department,Municipal Police,2022-09,54,2803,218,8,0,3.67
A004,Millgate Police Department,Municipal Police,2022-10,54,2613,272,8,0,2.941
A004,Millgate Police Department,Municipal Police,2022-11,54,2696,268,6,0,2.239
A004,Millgate Police Department,Municipal Police,2022-12,54,2471,210,7,0,3.333
A004,Millgate Police Department,Municipal Police,2023-01,54,2512,220,7,0,3.182
A004,Millgate Police Department,Municipal Police,2023-02,54,2384,209,6,0,2.871
A004,Millgate Police Department,Municipal Police,2023-03,54,2407,188,8,0,4.255
A004,Millgate Police Department,Municipal Police,2023-04,54,2426,245,5,0,2.041
A004,Millgate Police Department,Municipal Police,2023-05,54,2642,236,11,0,4.661
A004,Millgate Police Department,Municipal Police,2023-06,54,2708,223,4,0,1.794
A004,Millgate Police Department,Municipal Police,2023-07,54,2831,262,8,0,3.053
A004,Millgate Police Department,Municipal Police,2023-08,54,2713,253,8,0,3.162
A004,Millgate Police Department,Municipal Police,2023-09,54,2677,254,8,0,3.15
A004,Millgate Police Department,Municipal Police,2023-10,54,2767,237,7,0,2.954
A004,Millgate Police Department,Municipal Police,2023-11,54,2470,222,7,0,3.153
A004,Millgate Police Department,Municipal Police,2023-12,54,2468,243,3,0,1.235
A004,Millgate Police Department,Municipal Police,2024-01,54,2453,201,3,0,1.493
A004,Millgate Police Department,Municipal Police,2024-02,54,2439,233,5,0,2.146
A004,Millgate Police Department,Municipal Police,2024-03,54,2424,228,6,0,2.632
A004,Millgate Police Department,Municipal Police,2024-04,54,2749,209,9,0,4.306
A004,Millgate Police Department,Municipal Police,2024-05,54,2712,252,5,0,1.984
A004,Millgate Police Department,Municipal Police,2024-06,54,2725,261,8,0,3.065
A004,Millgate Police Department,Municipal Police,2024-07,54,2775,261,7,0,2.682
A004,Millgate Police Department,Municipal Police,2024-08,54,2802,252,7,0,2.778
A004,Millgate Police Department,Municipal Police,2024-09,54,2807,241,2,0,0.83
A004,Millgate Police Department,Municipal Police,2024-10,54,2743,275,15,0,5.455
A004,Millgate Police Department,Municipal Police,2024-11,54,2588,219,2,0,0.913
A004,Millgate Police Department,Municipal Police,2024-12,54,2413,209,2,0,0.957
A004,Millgate Police Department,Municipal Police,2025-01,54,2357,245,8,0,3.265
A004,Millgate Police Department,Municipal Police,2025-02,54,2567,243,6,0,2.469
A004,Millgate Police Department,Municipal Police,2025-03,54,2548,245,4,0,1.633
A004,Millgate Police Department,Municipal Police,2025-04,54,2710,282,3,0,1.064
A004,Millgate Police Department,Municipal Police,2025-05,54,2857,256,3,0,1.172
A004,Millgate Police Department,Municipal Police,2025-06,54,2969,284,10,0,3.521
A004,Millgate Police Department,Municipal Police,2025-07,54,3030,250,9,0,3.6
A004,Millgate Police Department,Municipal Police,2025-08,54,3025,282,7,0,2.482
A004,Millgate Police Department,Municipal Police,2025-09,54,2881,259,7,0,2.703
A004,Millgate Police Department,Municipal Police,2025-10,54,2831,272,2,0,0.735
A004,Millgate Police Department,Municipal Police,2025-11,54,2798,282,10,0,3.546
A004,Millgate Police Department,Municipal Police,2025-12,54,2535,247,5,0,2.024
A004,Millgate Police Department,Municipal Police,2026-01,54,2567,207,8,0,3.865
A004,Millgate Police Department,Municipal Police,2026-02,54,2672,214,7,0,3.271
A004,Millgate Police Department,Municipal Police,2026-03,54,2699,264,5,0,1.894
A004,Millgate Police Department,Municipal Police,2026-04,54,2876,274,6,0,2.19
A004,Millgate Police Department,Municipal Police,2026-05,54,2095,203,2,1,0.985
A004,Millgate Police Department,Municipal Police,2026-06,54,1312,121,0,1,0.0
A005,Northgate Police Department,Municipal Police,2019-01,31,1335,153,0,0,0.0
A005,Northgate Police Department,Municipal Police,2019-02,31,1234,122,5,0,4.098
A005,Northgate Police Department,Municipal Police,2019-03,31,1344,151,4,0,2.649
A005,Northgate Police Department,Municipal Police,2019-04,31,1357,122,2,0,1.639
A005,Northgate Police Department,Municipal Police,2019-05,31,1479,124,2,0,1.613
A005,Northgate Police Department,Municipal Police,2019-06,31,1442,122,2,0,1.639
A005,Northgate Police Department,Municipal Police,2019-07,31,1605,150,5,0,3.333
A005,Northgate Police Department,Municipal Police,2019-08,31,1541,149,4,0,2.685
A005,Northgate Police Department,Municipal Police,2019-09,31,1469,142,3,0,2.113
A005,Northgate Police Department,Municipal Police,2019-10,31,1476,145,1,0,0.69
A005,Northgate Police Department,Municipal Police,2019-11,31,1444,121,1,0,0.826
A005,Northgate Police Department,Municipal Police,2019-12,31,1345,134,2,0,1.493
A005,Northgate Police Department,Municipal Police,2020-01,31,1260,108,5,0,4.63
A005,Northgate Police Department,Municipal Police,2020-02,31,1415,151,2,0,1.325
A005,Northgate Police Department,Municipal Police,2020-03,31,1486,131,3,0,2.29
A005,Northgate Police Department,Municipal Police,2020-04,31,1455,145,5,0,3.448
A005,Northgate Police Department,Municipal Police,2020-05,31,1596,154,5,0,3.247
A005,Northgate Police Department,Municipal Police,2020-06,31,1477,157,1,0,0.637
A005,Northgate Police Department,Municipal Police,2020-07,31,1588,144,3,0,2.083
A005,Northgate Police Department,Municipal Police,2020-08,31,1528,147,7,0,4.762
A005,Northgate Police Department,Municipal Police,2020-09,31,1504,165,3,0,1.818
A005,Northgate Police Department,Municipal Police,2020-10,31,1519,133,3,0,2.256
A005,Northgate Police Department,Municipal Police,2020-11,31,1389,104,3,0,2.885
A005,Northgate Police Department,Municipal Police,2020-12,31,1323,97,1,0,1.031
A005,Northgate Police Department,Municipal Police,2021-01,31,1344,119,1,0,0.84
A005,Northgate Police Department,Municipal Police,2021-02,31,1348,126,2,0,1.587
A005,Northgate Police Department,Municipal Police,2021-03,31,1397,125,3,0,2.4
A005,Northgate Police Department,Municipal Police,2021-04,31,1398,153,5,0,3.268
A005,Northgate Police Department,Municipal Police,2021-05,31,1467,143,2,0,1.399
A005,Northgate Police Department,Municipal Police,2021-06,31,1609,113,5,0,4.425
A005,Northgate Police Department,Municipal Police,2021-07,31,1583,156,1,0,0.641
A005,Northgate Police Department,Municipal Police,2021-08,31,1567,145,3,0,2.069
A005,Northgate Police Department,Municipal Police,2021-09,31,1513,143,5,0,3.497
A005,Northgate Police Department,Municipal Police,2021-10,31,1478,111,0,0,0.0
A005,Northgate Police Department,Municipal Police,2021-11,31,1477,128,0,0,0.0
A005,Northgate Police Department,Municipal Police,2021-12,31,1450,150,4,0,2.667
A005,Northgate Police Department,Municipal Police,2022-01,31,1331,102,0,0,0.0
A005,Northgate Police Department,Municipal Police,2022-02,31,1430,128,1,0,0.781
A005,Northgate Police Department,Municipal Police,2022-03,31,1363,143,4,0,2.797
A005,Northgate Police Department,Municipal Police,2022-04,31,1513,146,5,0,3.425
A005,Northgate Police Department,Municipal Police,2022-05,31,1489,119,3,0,2.521
A005,Northgate Police Department,Municipal Police,2022-06,31,1663,140,0,0,0.0
A005,Northgate Police Department,Municipal Police,2022-07,31,1587,141,1,0,0.709
A005,Northgate Police Department,Municipal Police,2022-08,31,1626,151,6,0,3.974
A005,Northgate Police Department,Municipal Police,2022-09,31,1451,120,0,0,0.0
A005,Northgate Police Department,Municipal Police,2022-10,31,1445,134,4,0,2.985
A005,Northgate Police Department,Municipal Police,2022-11,31,1404,132,1,0,0.758
A005,Northgate Police Department,Municipal Police,2022-12,31,1343,118,1,0,0.847
A005,Northgate Police Department,Municipal Police,2023-01,31,1403,131,1,0,0.763
A005,Northgate Police Department,Municipal Police,2023-02,31,1405,126,4,0,3.175
A005,Northgate Police Department,Municipal Police,2023-03,31,1338,132,2,0,1.515
A005,Northgate Police Department,Municipal Police,2023-04,31,1476,146,2,0,1.37
A005,Northgate Police Department,Municipal Police,2023-05,31,1619,164,5,0,3.049
A005,Northgate Police Department,Municipal Police,2023-06,31,1628,155,10,0,6.452
A005,Northgate Police Department,Municipal Police,2023-07,31,1547,125,6,0,4.8
A005,Northgate Police Department,Municipal Police,2023-08,31,1615,143,5,0,3.497
A005,Northgate Police Department,Municipal Police,2023-09,31,1580,158,3,0,1.899
A005,Northgate Police Department,Municipal Police,2023-10,31,1519,139,1,0,0.719
A005,Northgate Police Department,Municipal Police,2023-11,31,1496,118,2,0,1.695
A005,Northgate Police Department,Municipal Police,2023-12,31,1483,169,5,0,2.959
A005,Northgate Police Department,Municipal Police,2024-01,31,1372,116,1,0,0.862
A005,Northgate Police Department,Municipal Police,2024-02,31,1391,119,4,0,3.361
A005,Northgate Police Department,Municipal Police,2024-03,31,1448,151,2,0,1.325
A005,Northgate Police Department,Municipal Police,2024-04,31,1493,138,2,0,1.449
A005,Northgate Police Department,Municipal Police,2024-05,31,1578,162,1,0,0.617
A005,Northgate Police Department,Municipal Police,2024-06,31,1698,138,2,0,1.449
A005,Northgate Police Department,Municipal Police,2024-07,31,1633,148,1,0,0.676
A005,Northgate Police Department,Municipal Police,2024-08,31,1726,150,6,0,4.0
A005,Northgate Police Department,Municipal Police,2024-09,31,1633,153,4,0,2.614
A005,Northgate Police Department,Municipal Police,2024-10,31,1509,131,4,0,3.053
A005,Northgate Police Department,Municipal Police,2024-11,31,1538,131,3,0,2.29
A005,Northgate Police Department,Municipal Police,2024-12,31,1464,118,0,0,0.0
A005,Northgate Police Department,Municipal Police,2025-01,31,1324,110,0,0,0.0
A005,Northgate Police Department,Municipal Police,2025-02,31,1385,140,1,0,0.714
A005,Northgate Police Department,Municipal Police,2025-03,31,1456,140,2,0,1.429
A005,Northgate Police Department,Municipal Police,2025-04,31,1528,127,1,0,0.787
A005,Northgate Police Department,Municipal Police,2025-05,31,1579,136,3,0,2.206
A005,Northgate Police Department,Municipal Police,2025-06,31,1605,117,1,0,0.855
A005,Northgate Police Department,Municipal Police,2025-07,31,1751,149,2,0,1.342
A005,Northgate Police Department,Municipal Police,2025-08,31,1614,144,4,0,2.778
A005,Northgate Police Department,Municipal Police,2025-09,31,1587,125,5,0,4.0
A005,Northgate Police Department,Municipal Police,2025-10,31,1590,147,2,0,1.361
A005,Northgate Police Department,Municipal Police,2025-11,31,1586,171,4,0,2.339
A005,Northgate Police Department,Municipal Police,2025-12,31,1537,112,1,0,0.893
A005,Northgate Police Department,Municipal Police,2026-01,31,1523,134,0,0,0.0
A005,Northgate Police Department,Municipal Police,2026-02,31,1449,132,3,0,2.273
A005,Northgate Police Department,Municipal Police,2026-03,31,1424,120,1,0,0.833
A005,Northgate Police Department,Municipal Police,2026-04,31,1679,154,10,0,6.494
A005,Northgate Police Department,Municipal Police,2026-05,31,1209,99,1,1,1.01
A005,Northgate Police Department,Municipal Police,2026-06,31,721,62,0,1,0.0
A006,Elkhorn Police Department,Municipal Police,2019-01,8,356,38,1,0,2.632
A006,Elkhorn Police Department,Municipal Police,2019-02,8,299,33,1,0,3.03
A006,Elkhorn Police Department,Municipal Police,2019-03,8,355,33,0,0,0.0
A006,Elkhorn Police Department,Municipal Police,2019-04,8,365,33,0,0,0.0
A006,Elkhorn Police Department,Municipal Police,2019-05,8,390,23,0,0,0.0
A006,Elkhorn Police Department,Municipal Police,2019-06,8,408,49,2,0,4.082
A006,Elkhorn Police Department,Municipal Police,2019-07,8,376,30,2,0,6.667
A006,Elkhorn Police Department,Municipal Police,2019-08,8,394,46,0,0,0.0
A006,Elkhorn Police Department,Municipal Police,2019-09,8,416,35,1,0,2.857
A006,Elkhorn Police Department,Municipal Police,2019-10,8,422,39,0,0,0.0
A006,Elkhorn Police Department,Municipal Police,2019-11,8,339,34,0,0,0.0
A006,Elkhorn Police Department,Municipal Police,2019-12,8,334,34,1,0,2.941
A006,Elkhorn Police Department,Municipal Police,2020-01,8,325,28,0,0,0.0
A006,Elkhorn Police Department,Municipal Police,2020-02,8,333,35,0,0,0.0
A006,Elkhorn Police Department,Municipal Police,2020-03,8,361,41,1,0,2.439
A006,Elkhorn Police Department,Municipal Police,2020-04,8,391,23,2,0,8.696
A006,Elkhorn Police Department,Municipal Police,2020-05,8,385,39,1,0,2.564
A006,Elkhorn Police Department,Municipal Police,2020-06,8,392,36,2,0,5.556
A006,Elkhorn Police Department,Municipal Police,2020-07,8,402,33,0,0,0.0
A006,Elkhorn Police Department,Municipal Police,2020-08,8,420,49,2,0,4.082
A006,Elkhorn Police Department,Municipal Police,2020-09,8,404,38,0,0,0.0
A006,Elkhorn Police Department,Municipal Police,2020-10,8,406,34,1,0,2.941
A006,Elkhorn Police Department,Municipal Police,2020-11,8,322,23,1,0,4.348
A006,Elkhorn Police Department,Municipal Police,2020-12,8,365,31,0,0,0.0
A006,Elkhorn Police Department,Municipal Police,2021-01,8,328,28,1,0,3.571
A006,Elkhorn Police Department,Municipal Police,2021-02,8,363,30,1,0,3.333
A006,Elkhorn Police Department,Municipal Police,2021-03,8,388,42,2,0,4.762
A006,Elkhorn Police Department,Municipal Police,2021-04,8,360,48,2,0,4.167
A006,Elkhorn Police Department,Municipal Police,2021-05,8,383,29,0,0,0.0
A006,Elkhorn Police Department,Municipal Police,2021-06,8,398,38,0,0,0.0
A006,Elkhorn Police Department,Municipal Police,2021-07,8,406,33,0,0,0.0
A006,Elkhorn Police Department,Municipal Police,2021-08,8,418,35,2,0,5.714
A006,Elkhorn Police Department,Municipal Police,2021-09,8,403,39,0,0,0.0
A006,Elkhorn Police Department,Municipal Police,2021-10,8,435,40,0,0,0.0
A006,Elkhorn Police Department,Municipal Police,2021-11,8,365,30,1,0,3.333
A006,Elkhorn Police Department,Municipal Police,2021-12,8,370,36,0,0,0.0
A006,Elkhorn Police Department,Municipal Police,2022-01,8,356,32,1,0,3.125
A006,Elkhorn Police Department,Municipal Police,2022-02,8,329,33,1,0,3.03
A006,Elkhorn Police Department,Municipal Police,2022-03,8,370,30,0,0,0.0
A006,Elkhorn Police Department,Municipal Police,2022-04,8,404,34,3,0,8.824
A006,Elkhorn Police Department,Municipal Police,2022-05,8,424,48,0,0,0.0
A006,Elkhorn Police Department,Municipal Police,2022-06,8,431,47,1,0,2.128
A006,Elkhorn Police Department,Municipal Police,2022-07,8,440,42,1,0,2.381
A006,Elkhorn Police Department,Municipal Police,2022-08,8,385,32,2,0,6.25
A006,Elkhorn Police Department,Municipal Police,2022-09,8,434,42,1,0,2.381
A006,Elkhorn Police Department,Municipal Police,2022-10,8,411,44,2,0,4.545
A006,Elkhorn Police Department,Municipal Police,2022-11,8,390,33,0,0,0.0
A006,Elkhorn Police Department,Municipal Police,2022-12,8,336,38,1,0,2.632
A006,Elkhorn Police Department,Municipal Police,2023-01,8,364,35,0,0,0.0
A006,Elkhorn Police Department,Municipal Police,2023-02,8,334,30,2,0,6.667
A006,Elkhorn Police Department,Municipal Police,2023-03,8,364,41,1,0,2.439
A006,Elkhorn Police Department,Municipal Police,2023-04,8,389,31,0,0,0.0
A006,Elkhorn Police Department,Municipal Police,2023-05,8,382,46,2,0,4.348
A006,Elkhorn Police Department,Municipal Police,2023-06,8,409,40,0,0,0.0
A006,Elkhorn Police Department,Municipal Police,2023-07,8,409,57,4,0,7.018
A006,Elkhorn Police Department,Municipal Police,2023-08,8,475,47,0,0,0.0
A006,Elkhorn Police Department,Municipal Police,2023-09,8,441,37,2,0,5.405
A006,Elkhorn Police Department,Municipal Police,2023-10,8,339,46,1,0,2.174
A006,Elkhorn Police Department,Municipal Police,2023-11,8,394,38,1,0,2.632
A006,Elkhorn Police Department,Municipal Police,2023-12,8,374,36,1,0,2.778
A006,Elkhorn Police Department,Municipal Police,2024-01,8,344,26,0,0,0.0
A006,Elkhorn Police Department,Municipal Police,2024-02,8,353,28,0,0,0.0
A006,Elkhorn Police Department,Municipal Police,2024-03,8,351,34,0,0,0.0
A006,Elkhorn Police Department,Municipal Police,2024-04,8,397,52,1,0,1.923
A006,Elkhorn Police Department,Municipal Police,2024-05,8,407,46,0,0,0.0
A006,Elkhorn Police Department,Municipal Police,2024-06,8,421,35,0,0,0.0
A006,Elkhorn Police Department,Municipal Police,2024-07,8,391,30,1,0,3.333
A006,Elkhorn Police Department,Municipal Police,2024-08,8,457,44,1,0,2.273
A006,Elkhorn Police Department,Municipal Police,2024-09,8,420,42,0,0,0.0
A006,Elkhorn Police Department,Municipal Police,2024-10,8,364,40,0,0,0.0
A006,Elkhorn Police Department,Municipal Police,2024-11,8,415,36,0,0,0.0
A006,Elkhorn Police Department,Municipal Police,2024-12,8,380,26,1,0,3.846
A006,Elkhorn Police Department,Municipal Police,2025-01,8,412,37,0,0,0.0
A006,Elkhorn Police Department,Municipal Police,2025-02,8,383,36,1,0,2.778
A006,Elkhorn Police Department,Municipal Police,2025-03,8,390,31,1,0,3.226
A006,Elkhorn Police Department,Municipal Police,2025-04,8,411,31,0,0,0.0
A006,Elkhorn Police Department,Municipal Police,2025-05,8,402,37,0,0,0.0
A006,Elkhorn Police Department,Municipal Police,2025-06,8,392,30,1,0,3.333
A006,Elkhorn Police Department,Municipal Police,2025-07,8,415,43,1,0,2.326
A006,Elkhorn Police Department,Municipal Police,2025-08,8,451,44,0,0,0.0
A006,Elkhorn Police Department,Municipal Police,2025-09,8,376,34,3,0,8.824
A006,Elkhorn Police Department,Municipal Police,2025-10,8,408,31,1,0,3.226
A006,Elkhorn Police Department,Municipal Police,2025-11,8,380,38,1,0,2.632
A006,Elkhorn Police Department,Municipal Police,2025-12,8,374,40,0,0,0.0
A006,Elkhorn Police Department,Municipal Police,2026-01,8,389,28,1,0,3.571
A006,Elkhorn Police Department,Municipal Police,2026-02,8,374,37,2,0,5.405
A006,Elkhorn Police Department,Municipal Police,2026-03,8,410,38,1,0,2.632
A006,Elkhorn Police Department,Municipal Police,2026-04,8,421,45,0,0,0.0
A006,Elkhorn Police Department,Municipal Police,2026-05,8,306,33,0,1,0.0
A006,Elkhorn Police Department,Municipal Police,2026-06,8,229,21,0,1,0.0
A007,Summit County Sheriff's Office,County Sheriff,2019-01,268,9356,844,26,0,3.081
A007,Summit County Sheriff's Office,County Sheriff,2019-02,268,9286,792,18,0,2.273
A007,Summit County Sheriff's Office,County Sheriff,2019-03,268,9164,640,29,0,4.531
A007,Summit County Sheriff's Office,County Sheriff,2019-04,268,9462,763,27,0,3.539
A007,Summit County Sheriff's Office,County Sheriff,2019-05,268,10428,923,32,0,3.467
A007,Summit County Sheriff's Office,County Sheriff,2019-06,268,10504,829,39,0,4.704
A007,Summit County Sheriff's Office,County Sheriff,2019-07,268,11033,957,41,0,4.284
A007,Summit County Sheriff's Office,County Sheriff,2019-08,268,10900,930,30,0,3.226
A007,Summit County Sheriff's Office,County Sheriff,2019-09,268,10493,853,37,0,4.338
A007,Summit County Sheriff's Office,County Sheriff,2019-10,268,10426,898,31,0,3.452
A007,Summit County Sheriff's Office,County Sheriff,2019-11,268,9719,769,23,0,2.991
A007,Summit County Sheriff's Office,County Sheriff,2019-12,268,9546,785,28,0,3.567
A007,Summit County Sheriff's Office,County Sheriff,2020-01,268,9666,784,13,0,1.658
A007,Summit County Sheriff's Office,County Sheriff,2020-02,268,9744,774,25,0,3.23
A007,Summit County Sheriff's Office,County Sheriff,2020-03,268,9787,834,34,0,4.077
A007,Summit County Sheriff's Office,County Sheriff,2020-04,268,10513,844,32,0,3.791
A007,Summit County Sheriff's Office,County Sheriff,2020-05,268,10599,851,34,0,3.995
A007,Summit County Sheriff's Office,County Sheriff,2020-06,268,10877,882,36,0,4.082
A007,Summit County Sheriff's Office,County Sheriff,2020-07,268,11138,803,47,0,5.853
A007,Summit County Sheriff's Office,County Sheriff,2020-08,268,10632,811,34,0,4.192
A007,Summit County Sheriff's Office,County Sheriff,2020-09,268,10741,913,45,0,4.929
A007,Summit County Sheriff's Office,County Sheriff,2020-10,268,10668,969,24,0,2.477
A007,Summit County Sheriff's Office,County Sheriff,2020-11,268,10573,755,27,0,3.576
A007,Summit County Sheriff's Office,County Sheriff,2020-12,268,10164,732,19,0,2.596
A007,Summit County Sheriff's Office,County Sheriff,2021-01,268,9878,788,26,0,3.299
A007,Summit County Sheriff's Office,County Sheriff,2021-02,268,10296,853,25,0,2.931
A007,Summit County Sheriff's Office,County Sheriff,2021-03,268,10023,849,21,0,2.473
A007,Summit County Sheriff's Office,County Sheriff,2021-04,268,10114,843,24,0,2.847
A007,Summit County Sheriff's Office,County Sheriff,2021-05,268,11270,859,24,0,2.794
A007,Summit County Sheriff's Office,County Sheriff,2021-06,268,11268,942,25,0,2.654
A007,Summit County Sheriff's Office,County Sheriff,2021-07,268,11797,959,47,0,4.901
A007,Summit County Sheriff's Office,County Sheriff,2021-08,268,11449,858,25,0,2.914
A007,Summit County Sheriff's Office,County Sheriff,2021-09,268,11044,953,34,0,3.568
A007,Summit County Sheriff's Office,County Sheriff,2021-10,268,10196,880,23,0,2.614
A007,Summit County Sheriff's Office,County Sheriff,2021-11,268,9927,801,26,0,3.246
A007,Summit County Sheriff's Office,County Sheriff,2021-12,268,10485,762,25,0,3.281
A007,Summit County Sheriff's Office,County Sheriff,2022-01,268,9806,870,30,0,3.448
A007,Summit County Sheriff's Office,County Sheriff,2022-02,268,9786,837,25,0,2.987
A007,Summit County Sheriff's Office,County Sheriff,2022-03,268,10290,770,17,0,2.208
A007,Summit County Sheriff's Office,County Sheriff,2022-04,268,10546,828,19,0,2.295
A007,Summit County Sheriff's Office,County Sheriff,2022-05,268,10893,785,17,0,2.166
A007,Summit County Sheriff's Office,County Sheriff,2022-06,268,11520,939,24,0,2.556
A007,Summit County Sheriff's Office,County Sheriff,2022-07,268,11159,901,29,0,3.219
A007,Summit County Sheriff's Office,County Sheriff,2022-08,268,11881,965,23,0,2.383
A007,Summit County Sheriff's Office,County Sheriff,2022-09,268,11016,780,17,0,2.179
A007,Summit County Sheriff's Office,County Sheriff,2022-10,268,11236,970,28,0,2.887
A007,Summit County Sheriff's Office,County Sheriff,2022-11,268,10468,956,23,0,2.406
A007,Summit County Sheriff's Office,County Sheriff,2022-12,268,9943,862,18,0,2.088
A007,Summit County Sheriff's Office,County Sheriff,2023-01,268,10049,842,13,0,1.544
A007,Summit County Sheriff's Office,County Sheriff,2023-02,268,9928,735,10,0,1.361
A007,Summit County Sheriff's Office,County Sheriff,2023-03,268,10373,925,22,0,2.378
A007,Summit County Sheriff's Office,County Sheriff,2023-04,268,10628,856,19,0,2.22
A007,Summit County Sheriff's Office,County Sheriff,2023-05,268,11247,993,23,0,2.316
A007,Summit County Sheriff's Office,County Sheriff,2023-06,268,10892,826,19,0,2.3
A007,Summit County Sheriff's Office,County Sheriff,2023-07,268,11621,972,26,0,2.675
A007,Summit County Sheriff's Office,County Sheriff,2023-08,268,11575,939,32,0,3.408
A007,Summit County Sheriff's Office,County Sheriff,2023-09,268,10154,774,22,0,2.842
A007,Summit County Sheriff's Office,County Sheriff,2023-10,268,11560,899,14,0,1.557
A007,Summit County Sheriff's Office,County Sheriff,2023-11,268,10669,851,19,0,2.233
A007,Summit County Sheriff's Office,County Sheriff,2023-12,268,10442,773,13,0,1.682
A007,Summit County Sheriff's Office,County Sheriff,2024-01,268,9557,813,11,0,1.353
A007,Summit County Sheriff's Office,County Sheriff,2024-02,268,9748,837,14,0,1.673
A007,Summit County Sheriff's Office,County Sheriff,2024-03,268,10245,780,7,0,0.897
A007,Summit County Sheriff's Office,County Sheriff,2024-04,268,10390,796,23,0,2.889
A007,Summit County Sheriff's Office,County Sheriff,2024-05,268,11081,969,17,0,1.754
A007,Summit County Sheriff's Office,County Sheriff,2024-06,268,11601,1036,16,0,1.544
A007,Summit County Sheriff's Office,County Sheriff,2024-07,268,11515,981,20,0,2.039
A007,Summit County Sheriff's Office,County Sheriff,2024-08,268,11404,874,13,0,1.487
A007,Summit County Sheriff's Office,County Sheriff,2024-09,268,11657,917,17,0,1.854
A007,Summit County Sheriff's Office,County Sheriff,2024-10,268,11206,1126,17,0,1.51
A007,Summit County Sheriff's Office,County Sheriff,2024-11,268,11008,808,9,0,1.114
A007,Summit County Sheriff's Office,County Sheriff,2024-12,268,10749,879,17,0,1.934
A007,Summit County Sheriff's Office,County Sheriff,2025-01,268,10892,930,10,0,1.075
A007,Summit County Sheriff's Office,County Sheriff,2025-02,268,10333,911,11,0,1.207
A007,Summit County Sheriff's Office,County Sheriff,2025-03,268,10142,828,16,0,1.932
A007,Summit County Sheriff's Office,County Sheriff,2025-04,268,11276,866,18,0,2.079
A007,Summit County Sheriff's Office,County Sheriff,2025-05,268,11200,815,19,0,2.331
A007,Summit County Sheriff's Office,County Sheriff,2025-06,268,11522,923,10,0,1.083
A007,Summit County Sheriff's Office,County Sheriff,2025-07,268,11978,962,21,0,2.183
A007,Summit County Sheriff's Office,County Sheriff,2025-08,268,11751,889,21,0,2.362
A007,Summit County Sheriff's Office,County Sheriff,2025-09,268,11581,980,18,0,1.837
A007,Summit County Sheriff's Office,County Sheriff,2025-10,268,11143,872,13,0,1.491
A007,Summit County Sheriff's Office,County Sheriff,2025-11,268,11008,888,10,0,1.126
A007,Summit County Sheriff's Office,County Sheriff,2025-12,268,10423,854,11,0,1.288
A007,Summit County Sheriff's Office,County Sheriff,2026-01,268,10081,777,4,0,0.515
A007,Summit County Sheriff's Office,County Sheriff,2026-02,268,10431,910,10,0,1.099
A007,Summit County Sheriff's Office,County Sheriff,2026-03,268,10654,898,16,0,1.782
A007,Summit County Sheriff's Office,County Sheriff,2026-04,268,11126,926,18,0,1.944
A007,Summit County Sheriff's Office,County Sheriff,2026-05,268,8436,703,7,1,0.996
A007,Summit County Sheriff's Office,County Sheriff,2026-06,268,5443,504,5,1,0.992
A008,Lakeshore County Sheriff's Office,County Sheriff,2019-01,141,5095,432,14,0,3.241
A008,Lakeshore County Sheriff's Office,County Sheriff,2019-02,141,5110,417,5,0,1.199
A008,Lakeshore County Sheriff's Office,County Sheriff,2019-03,141,5025,432,7,0,1.62
A008,Lakeshore County Sheriff's Office,County Sheriff,2019-04,141,5146,405,14,0,3.457
A008,Lakeshore County Sheriff's Office,County Sheriff,2019-05,141,5743,533,17,0,3.189
A008,Lakeshore County Sheriff's Office,County Sheriff,2019-06,141,5668,469,16,0,3.412
A008,Lakeshore County Sheriff's Office,County Sheriff,2019-07,141,5601,461,17,0,3.688
A008,Lakeshore County Sheriff's Office,County Sheriff,2019-08,141,5891,492,13,0,2.642
A008,Lakeshore County Sheriff's Office,County Sheriff,2019-09,141,6195,506,14,0,2.767
A008,Lakeshore County Sheriff's Office,County Sheriff,2019-10,141,5471,384,15,0,3.906
A008,Lakeshore County Sheriff's Office,County Sheriff,2019-11,141,5255,433,14,0,3.233
A008,Lakeshore County Sheriff's Office,County Sheriff,2019-12,141,5249,385,6,0,1.558
A008,Lakeshore County Sheriff's Office,County Sheriff,2020-01,141,5054,387,9,0,2.326
A008,Lakeshore County Sheriff's Office,County Sheriff,2020-02,141,5272,467,6,0,1.285
A008,Lakeshore County Sheriff's Office,County Sheriff,2020-03,141,4961,399,17,0,4.261
A008,Lakeshore County Sheriff's Office,County Sheriff,2020-04,141,5321,387,5,0,1.292
A008,Lakeshore County Sheriff's Office,County Sheriff,2020-05,141,5772,407,16,0,3.931
A008,Lakeshore County Sheriff's Office,County Sheriff,2020-06,141,5775,487,13,0,2.669
A008,Lakeshore County Sheriff's Office,County Sheriff,2020-07,141,5989,485,17,0,3.505
A008,Lakeshore County Sheriff's Office,County Sheriff,2020-08,141,5665,485,9,0,1.856
A008,Lakeshore County Sheriff's Office,County Sheriff,2020-09,141,6122,529,14,0,2.647
A008,Lakeshore County Sheriff's Office,County Sheriff,2020-10,141,5372,461,5,0,1.085
A008,Lakeshore County Sheriff's Office,County Sheriff,2020-11,141,5493,438,4,0,0.913
A008,Lakeshore County Sheriff's Office,County Sheriff,2020-12,141,5206,400,6,0,1.5
A008,Lakeshore County Sheriff's Office,County Sheriff,2021-01,141,4988,380,9,0,2.368
A008,Lakeshore County Sheriff's Office,County Sheriff,2021-02,141,4991,433,8,0,1.848
A008,Lakeshore County Sheriff's Office,County Sheriff,2021-03,141,5206,408,7,0,1.716
A008,Lakeshore County Sheriff's Office,County Sheriff,2021-04,141,5328,423,9,0,2.128
A008,Lakeshore County Sheriff's Office,County Sheriff,2021-05,141,5561,442,9,0,2.036
A008,Lakeshore County Sheriff's Office,County Sheriff,2021-06,141,5806,463,11,0,2.376
A008,Lakeshore County Sheriff's Office,County Sheriff,2021-07,141,6313,545,13,0,2.385
A008,Lakeshore County Sheriff's Office,County Sheriff,2021-08,141,6131,443,18,0,4.063
A008,Lakeshore County Sheriff's Office,County Sheriff,2021-09,141,5872,506,12,0,2.372
A008,Lakeshore County Sheriff's Office,County Sheriff,2021-10,141,5869,564,15,0,2.66
A008,Lakeshore County Sheriff's Office,County Sheriff,2021-11,141,5554,448,11,0,2.455
A008,Lakeshore County Sheriff's Office,County Sheriff,2021-12,141,5314,424,11,0,2.594
A008,Lakeshore County Sheriff's Office,County Sheriff,2022-01,141,5045,449,7,0,1.559
A008,Lakeshore County Sheriff's Office,County Sheriff,2022-02,141,5290,398,4,0,1.005
A008,Lakeshore County Sheriff's Office,County Sheriff,2022-03,141,5557,464,13,0,2.802
A008,Lakeshore County Sheriff's Office,County Sheriff,2022-04,141,5518,422,15,0,3.555
A008,Lakeshore County Sheriff's Office,County Sheriff,2022-05,141,5872,452,16,0,3.54
A008,Lakeshore County Sheriff's Office,County Sheriff,2022-06,141,6050,535,12,0,2.243
A008,Lakeshore County Sheriff's Office,County Sheriff,2022-07,141,5830,460,8,0,1.739
A008,Lakeshore County Sheriff's Office,County Sheriff,2022-08,141,6531,538,14,0,2.602
A008,Lakeshore County Sheriff's Office,County Sheriff,2022-09,141,5780,474,15,0,3.165
A008,Lakeshore County Sheriff's Office,County Sheriff,2022-10,141,5803,509,14,0,2.75
A008,Lakeshore County Sheriff's Office,County Sheriff,2022-11,141,5895,457,11,0,2.407
A008,Lakeshore County Sheriff's Office,County Sheriff,2022-12,141,5207,407,14,0,3.44
A008,Lakeshore County Sheriff's Office,County Sheriff,2023-01,141,5623,426,8,0,1.878
A008,Lakeshore County Sheriff's Office,County Sheriff,2023-02,141,5149,419,7,0,1.671
A008,Lakeshore County Sheriff's Office,County Sheriff,2023-03,141,5702,488,9,0,1.844
A008,Lakeshore County Sheriff's Office,County Sheriff,2023-04,141,5502,516,13,0,2.519
A008,Lakeshore County Sheriff's Office,County Sheriff,2023-05,141,5666,516,10,0,1.938
A008,Lakeshore County Sheriff's Office,County Sheriff,2023-06,141,5717,458,14,0,3.057
A008,Lakeshore County Sheriff's Office,County Sheriff,2023-07,141,6337,541,13,0,2.403
A008,Lakeshore County Sheriff's Office,County Sheriff,2023-08,141,6260,505,8,0,1.584
A008,Lakeshore County Sheriff's Office,County Sheriff,2023-09,141,5815,535,7,0,1.308
A008,Lakeshore County Sheriff's Office,County Sheriff,2023-10,141,6077,482,14,0,2.905
A008,Lakeshore County Sheriff's Office,County Sheriff,2023-11,141,5667,425,4,0,0.941
A008,Lakeshore County Sheriff's Office,County Sheriff,2023-12,141,5768,490,5,0,1.02
A008,Lakeshore County Sheriff's Office,County Sheriff,2024-01,141,5415,447,9,0,2.013
A008,Lakeshore County Sheriff's Office,County Sheriff,2024-02,141,5348,367,5,0,1.362
A008,Lakeshore County Sheriff's Office,County Sheriff,2024-03,141,5283,453,4,0,0.883
A008,Lakeshore County Sheriff's Office,County Sheriff,2024-04,141,5883,506,14,0,2.767
A008,Lakeshore County Sheriff's Office,County Sheriff,2024-05,141,5715,431,14,0,3.248
A008,Lakeshore County Sheriff's Office,County Sheriff,2024-06,141,6201,486,12,0,2.469
A008,Lakeshore County Sheriff's Office,County Sheriff,2024-07,141,5977,497,17,0,3.421
A008,Lakeshore County Sheriff's Office,County Sheriff,2024-08,141,5992,476,15,0,3.151
A008,Lakeshore County Sheriff's Office,County Sheriff,2024-09,141,6000,465,11,0,2.366
A008,Lakeshore County Sheriff's Office,County Sheriff,2024-10,141,6077,508,10,0,1.969
A008,Lakeshore County Sheriff's Office,County Sheriff,2024-11,141,5657,432,9,0,2.083
A008,Lakeshore County Sheriff's Office,County Sheriff,2024-12,141,5279,424,5,0,1.179
A008,Lakeshore County Sheriff's Office,County Sheriff,2025-01,141,5424,378,6,0,1.587
A008,Lakeshore County Sheriff's Office,County Sheriff,2025-02,141,5021,454,9,0,1.982
A008,Lakeshore County Sheriff's Office,County Sheriff,2025-03,141,5550,439,12,0,2.733
A008,Lakeshore County Sheriff's Office,County Sheriff,2025-04,141,5528,415,7,0,1.687
A008,Lakeshore County Sheriff's Office,County Sheriff,2025-05,141,5805,528,16,0,3.03
A008,Lakeshore County Sheriff's Office,County Sheriff,2025-06,141,6252,604,14,0,2.318
A008,Lakeshore County Sheriff's Office,County Sheriff,2025-07,141,6129,438,9,0,2.055
A008,Lakeshore County Sheriff's Office,County Sheriff,2025-08,141,6367,493,19,0,3.854
A008,Lakeshore County Sheriff's Office,County Sheriff,2025-09,141,6059,507,12,0,2.367
A008,Lakeshore County Sheriff's Office,County Sheriff,2025-10,141,6017,500,10,0,2.0
A008,Lakeshore County Sheriff's Office,County Sheriff,2025-11,141,5692,497,6,0,1.207
A008,Lakeshore County Sheriff's Office,County Sheriff,2025-12,141,5533,483,6,0,1.242
A008,Lakeshore County Sheriff's Office,County Sheriff,2026-01,141,5425,416,10,0,2.404
A008,Lakeshore County Sheriff's Office,County Sheriff,2026-02,141,5730,433,11,0,2.54
A008,Lakeshore County Sheriff's Office,County Sheriff,2026-03,141,5602,489,16,0,3.272
A008,Lakeshore County Sheriff's Office,County Sheriff,2026-04,141,5794,403,4,0,0.993
A008,Lakeshore County Sheriff's Office,County Sheriff,2026-05,141,4227,372,6,1,1.613
A008,Lakeshore County Sheriff's Office,County Sheriff,2026-06,141,2770,239,1,1,0.418
A009,Prairie County Sheriff's Office,County Sheriff,2019-01,38,1436,114,5,0,4.386
A009,Prairie County Sheriff's Office,County Sheriff,2019-02,38,1276,101,3,0,2.97
A009,Prairie County Sheriff's Office,County Sheriff,2019-03,38,1390,124,5,0,4.032
A009,Prairie County Sheriff's Office,County Sheriff,2019-04,38,1510,135,1,0,0.741
A009,Prairie County Sheriff's Office,County Sheriff,2019-05,38,1571,127,5,0,3.937
A009,Prairie County Sheriff's Office,County Sheriff,2019-06,38,1567,149,3,0,2.013
A009,Prairie County Sheriff's Office,County Sheriff,2019-07,38,1526,132,2,0,1.515
A009,Prairie County Sheriff's Office,County Sheriff,2019-08,38,1583,144,2,0,1.389
A009,Prairie County Sheriff's Office,County Sheriff,2019-09,38,1497,139,7,0,5.036
A009,Prairie County Sheriff's Office,County Sheriff,2019-10,38,1501,122,4,0,3.279
A009,Prairie County Sheriff's Office,County Sheriff,2019-11,38,1320,111,4,0,3.604
A009,Prairie County Sheriff's Office,County Sheriff,2019-12,38,1339,108,3,0,2.778
A009,Prairie County Sheriff's Office,County Sheriff,2020-01,38,1392,101,1,0,0.99
A009,Prairie County Sheriff's Office,County Sheriff,2020-02,38,1357,109,3,0,2.752
A009,Prairie County Sheriff's Office,County Sheriff,2020-03,38,1382,113,2,0,1.77
A009,Prairie County Sheriff's Office,County Sheriff,2020-04,38,1464,133,1,0,0.752
A009,Prairie County Sheriff's Office,County Sheriff,2020-05,38,1531,121,3,0,2.479
A009,Prairie County Sheriff's Office,County Sheriff,2020-06,38,1523,112,2,0,1.786
A009,Prairie County Sheriff's Office,County Sheriff,2020-07,38,1571,119,5,0,4.202
A009,Prairie County Sheriff's Office,County Sheriff,2020-08,38,1544,121,6,0,4.959
A009,Prairie County Sheriff's Office,County Sheriff,2020-09,38,1556,137,2,0,1.46
A009,Prairie County Sheriff's Office,County Sheriff,2020-10,38,1619,130,7,0,5.385
A009,Prairie County Sheriff's Office,County Sheriff,2020-11,38,1430,103,5,0,4.854
A009,Prairie County Sheriff's Office,County Sheriff,2020-12,38,1457,137,3,0,2.19
A009,Prairie County Sheriff's Office,County Sheriff,2021-01,38,1346,115,4,0,3.478
A009,Prairie County Sheriff's Office,County Sheriff,2021-02,38,1453,147,2,0,1.361
A009,Prairie County Sheriff's Office,County Sheriff,2021-03,38,1353,148,1,0,0.676
A009,Prairie County Sheriff's Office,County Sheriff,2021-04,38,1438,130,2,0,1.538
A009,Prairie County Sheriff's Office,County Sheriff,2021-05,38,1509,116,0,0,0.0
A009,Prairie County Sheriff's Office,County Sheriff,2021-06,38,1583,151,3,0,1.987
A009,Prairie County Sheriff's Office,County Sheriff,2021-07,38,1597,146,5,0,3.425
A009,Prairie County Sheriff's Office,County Sheriff,2021-08,38,1615,120,12,0,10.0
A009,Prairie County Sheriff's Office,County Sheriff,2021-09,38,1626,147,3,0,2.041
A009,Prairie County Sheriff's Office,County Sheriff,2021-10,38,1566,113,1,0,0.885
A009,Prairie County Sheriff's Office,County Sheriff,2021-11,38,1448,119,1,0,0.84
A009,Prairie County Sheriff's Office,County Sheriff,2021-12,38,1462,116,5,0,4.31
A009,Prairie County Sheriff's Office,County Sheriff,2022-01,38,1296,97,2,0,2.062
A009,Prairie County Sheriff's Office,County Sheriff,2022-02,38,1415,116,1,0,0.862
A009,Prairie County Sheriff's Office,County Sheriff,2022-06,38,1559,107,2,0,1.869
A009,Prairie County Sheriff's Office,County Sheriff,2022-07,38,1657,129,4,0,3.101
A009,Prairie County Sheriff's Office,County Sheriff,2022-08,38,1572,123,2,0,1.626
A009,Prairie County Sheriff's Office,County Sheriff,2022-09,38,1693,105,4,0,3.81
A009,Prairie County Sheriff's Office,County Sheriff,2022-10,38,1513,128,3,0,2.344
A009,Prairie County Sheriff's Office,County Sheriff,2022-11,38,1456,109,4,0,3.67
A009,Prairie County Sheriff's Office,County Sheriff,2022-12,38,1412,119,3,0,2.521
A009,Prairie County Sheriff's Office,County Sheriff,2023-01,38,1423,131,2,0,1.527
A009,Prairie County Sheriff's Office,County Sheriff,2023-02,38,1387,128,1,0,0.781
A009,Prairie County Sheriff's Office,County Sheriff,2023-03,38,1429,110,2,0,1.818
A009,Prairie County Sheriff's Office,County Sheriff,2023-04,38,1399,111,3,0,2.703
A009,Prairie County Sheriff's Office,County Sheriff,2023-05,38,1542,143,3,0,2.098
A009,Prairie County Sheriff's Office,County Sheriff,2023-06,38,1539,132,4,0,3.03
A009,Prairie County Sheriff's Office,County Sheriff,2023-07,38,1659,133,3,0,2.256
A009,Prairie County Sheriff's Office,County Sheriff,2023-08,38,1660,113,3,0,2.655
A009,Prairie County Sheriff's Office,County Sheriff,2023-09,38,1681,111,3,0,2.703
A009,Prairie County Sheriff's Office,County Sheriff,2023-10,38,1591,150,2,0,1.333
A009,Prairie County Sheriff's Office,County Sheriff,2023-11,38,1533,129,4,0,3.101
A009,Prairie County Sheriff's Office,County Sheriff,2023-12,38,1414,125,4,0,3.2
A009,Prairie County Sheriff's Office,County Sheriff,2024-01,38,1387,98,0,0,0.0
A009,Prairie County Sheriff's Office,County Sheriff,2024-02,38,1497,119,3,0,2.521
A009,Prairie County Sheriff's Office,County Sheriff,2024-03,38,1409,110,2,0,1.818
A009,Prairie County Sheriff's Office,County Sheriff,2024-04,38,1455,112,1,0,0.893
A009,Prairie County Sheriff's Office,County Sheriff,2024-05,38,1612,142,4,0,2.817
A009,Prairie County Sheriff's Office,County Sheriff,2024-06,38,1547,113,3,0,2.655
A009,Prairie County Sheriff's Office,County Sheriff,2024-07,38,1833,165,0,0,0.0
A009,Prairie County Sheriff's Office,County Sheriff,2024-08,38,1666,144,5,0,3.472
A009,Prairie County Sheriff's Office,County Sheriff,2024-09,38,1655,129,4,0,3.101
A009,Prairie County Sheriff's Office,County Sheriff,2024-10,38,1580,129,2,0,1.55
A009,Prairie County Sheriff's Office,County Sheriff,2024-11,38,1680,121,2,0,1.653
A009,Prairie County Sheriff's Office,County Sheriff,2024-12,38,1448,105,2,0,1.905
A009,Prairie County Sheriff's Office,County Sheriff,2025-01,38,1410,124,4,0,3.226
A009,Prairie County Sheriff's Office,County Sheriff,2025-02,38,1428,112,0,0,0.0
A009,Prairie County Sheriff's Office,County Sheriff,2025-03,38,1445,110,1,0,0.909
A009,Prairie County Sheriff's Office,County Sheriff,2025-04,38,1502,122,1,0,0.82
A009,Prairie County Sheriff's Office,County Sheriff,2025-05,38,1700,131,1,0,0.763
A009,Prairie County Sheriff's Office,County Sheriff,2025-06,38,1641,168,2,0,1.19
A009,Prairie County Sheriff's Office,County Sheriff,2025-07,38,1591,146,9,0,6.164
A009,Prairie County Sheriff's Office,County Sheriff,2025-08,38,1603,129,5,0,3.876
A009,Prairie County Sheriff's Office,County Sheriff,2025-09,38,1641,139,4,0,2.878
A009,Prairie County Sheriff's Office,County Sheriff,2025-10,38,1572,117,0,0,0.0
A009,Prairie County Sheriff's Office,County Sheriff,2025-11,38,1586,128,1,0,0.781
A009,Prairie County Sheriff's Office,County Sheriff,2025-12,38,1449,104,2,0,1.923
A009,Prairie County Sheriff's Office,County Sheriff,2026-01,38,1485,101,0,0,0.0
A009,Prairie County Sheriff's Office,County Sheriff,2026-02,38,1401,98,1,0,1.02
A009,Prairie County Sheriff's Office,County Sheriff,2026-03,38,1568,129,0,0,0.0
A009,Prairie County Sheriff's Office,County Sheriff,2026-04,38,1563,158,0,0,0.0
A009,Prairie County Sheriff's Office,County Sheriff,2026-05,38,1176,106,1,1,0.943
A009,Prairie County Sheriff's Office,County Sheriff,2026-06,38,762,75,1,1,1.333
A010,Pinecrest State University Police,Campus Police,2019-01,46,1339,127,3,0,2.362
A010,Pinecrest State University Police,Campus Police,2019-02,46,1387,115,2,0,1.739
A010,Pinecrest State University Police,Campus Police,2019-03,46,1359,124,6,0,4.839
A010,Pinecrest State University Police,Campus Police,2019-04,46,1246,117,2,0,1.709
A010,Pinecrest State University Police,Campus Police,2019-05,46,857,90,5,0,5.556
A010,Pinecrest State University Police,Campus Police,2019-06,46,710,63,6,0,9.524
A010,Pinecrest State University Police,Campus Police,2019-07,46,705,62,4,0,6.452
A010,Pinecrest State University Police,Campus Police,2019-08,46,1142,94,6,0,6.383
A010,Pinecrest State University Police,Campus Police,2019-09,46,1723,140,8,0,5.714
A010,Pinecrest State University Police,Campus Police,2019-10,46,1586,149,7,0,4.698
A010,Pinecrest State University Police,Campus Police,2019-11,46,1398,149,2,0,1.342
A010,Pinecrest State University Police,Campus Police,2019-12,46,1100,111,4,0,3.604
A010,Pinecrest State University Police,Campus Police,2020-01,46,1406,112,3,0,2.679
A010,Pinecrest State University Police,Campus Police,2020-02,46,1464,147,6,0,4.082
A010,Pinecrest State University Police,Campus Police,2020-03,46,1249,129,5,0,3.876
A010,Pinecrest State University Police,Campus Police,2020-04,46,1329,131,6,0,4.58
A010,Pinecrest State University Police,Campus Police,2020-05,46,841,65,0,0,0.0
A010,Pinecrest State University Police,Campus Police,2020-06,46,726,57,2,0,3.509
A010,Pinecrest State University Police,Campus Police,2020-07,46,675,57,3,0,5.263
A010,Pinecrest State University Police,Campus Police,2020-08,46,1073,90,3,0,3.333
A010,Pinecrest State University Police,Campus Police,2020-09,46,1755,178,7,0,3.933
A010,Pinecrest State University Police,Campus Police,2020-10,46,1669,170,13,0,7.647
A010,Pinecrest State University Police,Campus Police,2020-11,46,1517,147,3,0,2.041
A010,Pinecrest State University Police,Campus Police,2020-12,46,1143,80,4,0,5.0
A010,Pinecrest State University Police,Campus Police,2021-01,46,1413,115,4,0,3.478
A010,Pinecrest State University Police,Campus Police,2021-02,46,1440,134,5,0,3.731
A010,Pinecrest State University Police,Campus Police,2021-03,46,1274,112,2,0,1.786
A010,Pinecrest State University Police,Campus Police,2021-04,46,1261,112,3,0,2.679
A010,Pinecrest State University Police,Campus Police,2021-05,46,926,71,4,0,5.634
A010,Pinecrest State University Police,Campus Police,2021-06,46,748,65,4,0,6.154
A010,Pinecrest State University Police,Campus Police,2021-07,46,667,60,2,0,3.333
A010,Pinecrest State University Police,Campus Police,2021-08,46,1096,95,4,0,4.211
A010,Pinecrest State University Police,Campus Police,2021-09,46,1710,150,7,0,4.667
A010,Pinecrest State University Police,Campus Police,2021-10,46,1732,156,4,0,2.564
A010,Pinecrest State University Police,Campus Police,2021-11,46,1485,130,5,0,3.846
A010,Pinecrest State University Police,Campus Police,2021-12,46,1112,84,3,0,3.571
A010,Pinecrest State University Police,Campus Police,2022-01,46,1448,163,3,0,1.84
A010,Pinecrest State University Police,Campus Police,2022-02,46,1452,148,3,0,2.027
A010,Pinecrest State University Police,Campus Police,2022-03,46,1388,115,4,0,3.478
A010,Pinecrest State University Police,Campus Police,2022-04,46,1416,117,6,0,5.128
A010,Pinecrest State University Police,Campus Police,2022-05,46,993,75,3,0,4.0
A010,Pinecrest State University Police,Campus Police,2022-06,46,711,55,1,0,1.818
A010,Pinecrest State University Police,Campus Police,2022-07,46,722,68,3,0,4.412
A010,Pinecrest State University Police,Campus Police,2022-08,46,1270,102,2,0,1.961
A010,Pinecrest State University Police,Campus Police,2022-09,46,1958,155,4,0,2.581
A010,Pinecrest State University Police,Campus Police,2022-10,46,1724,138,5,0,3.623
A010,Pinecrest State University Police,Campus Police,2022-11,46,1408,140,4,0,2.857
A010,Pinecrest State University Police,Campus Police,2022-12,46,1176,104,6,0,5.769
A010,Pinecrest State University Police,Campus Police,2023-01,46,1435,121,3,0,2.479
A010,Pinecrest State University Police,Campus Police,2023-02,46,1505,128,3,0,2.344
A010,Pinecrest State University Police,Campus Police,2023-03,46,1434,122,4,0,3.279
A010,Pinecrest State University Police,Campus Police,2023-04,46,1435,112,2,0,1.786
A010,Pinecrest State University Police,Campus Police,2023-05,46,979,90,1,0,1.111
A010,Pinecrest State University Police,Campus Police,2023-06,46,797,85,4,0,4.706
A010,Pinecrest State University Police,Campus Police,2023-07,46,727,62,2,0,3.226
A010,Pinecrest State University Police,Campus Police,2023-08,46,1152,100,3,0,3.0
A010,Pinecrest State University Police,Campus Police,2023-09,46,1892,135,4,0,2.963
A010,Pinecrest State University Police,Campus Police,2023-10,46,1784,156,6,0,3.846
A010,Pinecrest State University Police,Campus Police,2023-11,46,1339,129,2,0,1.55
A010,Pinecrest State University Police,Campus Police,2023-12,46,1191,103,4,0,3.883
A010,Pinecrest State University Police,Campus Police,2024-01,46,1394,125,2,0,1.6
A010,Pinecrest State University Police,Campus Police,2024-02,46,1414,139,2,0,1.439
A010,Pinecrest State University Police,Campus Police,2024-03,46,1343,125,4,0,3.2
A010,Pinecrest State University Police,Campus Police,2024-04,46,1317,104,1,0,0.962
A010,Pinecrest State University Police,Campus Police,2024-05,46,1019,100,2,0,2.0
A010,Pinecrest State University Police,Campus Police,2024-06,46,750,81,3,0,3.704
A010,Pinecrest State University Police,Campus Police,2024-07,46,755,65,4,0,6.154
A010,Pinecrest State University Police,Campus Police,2024-08,46,1143,101,4,0,3.96
A010,Pinecrest State University Police,Campus Police,2024-09,46,1950,192,3,0,1.562
A010,Pinecrest State University Police,Campus Police,2024-10,46,1809,173,1,0,0.578
A010,Pinecrest State University Police,Campus Police,2024-11,46,1489,133,3,0,2.256
A010,Pinecrest State University Police,Campus Police,2024-12,46,1222,115,4,0,3.478
A010,Pinecrest State University Police,Campus Police,2025-01,46,1497,114,6,0,5.263
A010,Pinecrest State University Police,Campus Police,2025-02,46,1527,156,4,0,2.564
A010,Pinecrest State University Police,Campus Police,2025-03,46,1456,145,5,0,3.448
A010,Pinecrest State University Police,Campus Police,2025-04,46,1367,126,4,0,3.175
A010,Pinecrest State University Police,Campus Police,2025-05,46,981,77,0,0,0.0
A010,Pinecrest State University Police,Campus Police,2025-06,46,744,62,3,0,4.839
A010,Pinecrest State University Police,Campus Police,2025-07,46,709,69,2,0,2.899
A010,Pinecrest State University Police,Campus Police,2025-08,46,1216,86,1,0,1.163
A010,Pinecrest State University Police,Campus Police,2025-09,46,1959,172,2,0,1.163
A010,Pinecrest State University Police,Campus Police,2025-10,46,1898,140,5,0,3.571
A010,Pinecrest State University Police,Campus Police,2025-11,46,1564,161,1,0,0.621
A010,Pinecrest State University Police,Campus Police,2025-12,46,1316,114,2,0,1.754
A010,Pinecrest State University Police,Campus Police,2026-01,46,1489,142,4,0,2.817
A010,Pinecrest State University Police,Campus Police,2026-02,46,1627,159,3,0,1.887
A010,Pinecrest State University Police,Campus Police,2026-03,46,1467,123,1,0,0.813
A010,Pinecrest State University Police,Campus Police,2026-04,46,1433,160,3,0,1.875
A010,Pinecrest State University Police,Campus Police,2026-05,46,696,74,2,1,2.703
A010,Pinecrest State University Police,Campus Police,2026-06,46,348,37,1,1,2.703
A011,Two Rivers Tribal Police,Tribal Police,2019-01,18,463,38,0,0,0.0
A011,Two Rivers Tribal Police,Tribal Police,2019-02,18,420,30,0,0,0.0
A011,Two Rivers Tribal Police,Tribal Police,2019-03,18,434,29,0,0,0.0
A011,Two Rivers Tribal Police,Tribal Police,2019-04,18,470,34,0,0,0.0
A011,Two Rivers Tribal Police,Tribal Police,2019-05,18,442,29,0,0,0.0
A011,Two Rivers Tribal Police,Tribal Police,2019-06,18,474,42,1,0,2.381
A011,Two Rivers Tribal Police,Tribal Police,2019-07,18,514,38,2,0,5.263
A011,Two Rivers Tribal Police,Tribal Police,2019-08,18,486,44,2,0,4.545
A011,Two Rivers Tribal Police,Tribal Police,2019-09,18,477,37,1,0,2.703
A011,Two Rivers Tribal Police,Tribal Police,2019-10,18,450,31,1,0,3.226
A011,Two Rivers Tribal Police,Tribal Police,2019-11,18,490,45,0,0,0.0
A011,Two Rivers Tribal Police,Tribal Police,2019-12,18,427,34,2,0,5.882
A011,Two Rivers Tribal Police,Tribal Police,2020-01,18,424,36,1,0,2.778
A011,Two Rivers Tribal Police,Tribal Police,2020-02,18,442,36,1,0,2.778
A011,Two Rivers Tribal Police,Tribal Police,2020-03,18,445,39,2,0,5.128
A011,Two Rivers Tribal Police,Tribal Police,2020-04,18,442,31,0,0,0.0
A011,Two Rivers Tribal Police,Tribal Police,2020-05,18,480,47,1,0,2.128
A011,Two Rivers Tribal Police,Tribal Police,2020-06,18,547,51,0,0,0.0
A011,Two Rivers Tribal Police,Tribal Police,2020-07,18,508,24,1,0,4.167
A011,Two Rivers Tribal Police,Tribal Police,2020-08,18,487,31,0,0,0.0
A011,Two Rivers Tribal Police,Tribal Police,2020-09,18,488,33,1,0,3.03
A011,Two Rivers Tribal Police,Tribal Police,2020-10,18,456,38,0,0,0.0
A011,Two Rivers Tribal Police,Tribal Police,2020-11,18,451,29,1,0,3.448
A011,Two Rivers Tribal Police,Tribal Police,2020-12,18,466,38,1,0,2.632
A011,Two Rivers Tribal Police,Tribal Police,2021-01,18,428,26,0,0,0.0
A011,Two Rivers Tribal Police,Tribal Police,2021-02,18,402,36,1,0,2.778
A011,Two Rivers Tribal Police,Tribal Police,2021-03,18,458,38,1,0,2.632
A011,Two Rivers Tribal Police,Tribal Police,2021-04,18,483,32,1,0,3.125
A011,Two Rivers Tribal Police,Tribal Police,2021-05,18,485,29,0,0,0.0
A011,Two Rivers Tribal Police,Tribal Police,2021-06,18,469,34,0,0,0.0
A011,Two Rivers Tribal Police,Tribal Police,2021-07,18,528,47,2,0,4.255
A011,Two Rivers Tribal Police,Tribal Police,2021-08,18,570,48,1,0,2.083
A011,Two Rivers Tribal Police,Tribal Police,2021-09,18,518,40,1,0,2.5
A011,Two Rivers Tribal Police,Tribal Police,2021-10,18,453,37,0,0,0.0
A011,Two Rivers Tribal Police,Tribal Police,2021-11,18,451,27,3,0,11.111
A011,Two Rivers Tribal Police,Tribal Police,2021-12,18,429,38,0,0,0.0
A011,Two Rivers Tribal Police,Tribal Police,2022-01,18,436,42,3,0,7.143
A011,Two Rivers Tribal Police,Tribal Police,2022-02,18,476,28,1,0,3.571
A011,Two Rivers Tribal Police,Tribal Police,2022-03,18,403,32,0,0,0.0
A011,Two Rivers Tribal Police,Tribal Police,2022-04,18,481,34,0,0,0.0
A011,Two Rivers Tribal Police,Tribal Police,2022-05,18,518,36,2,0,5.556
A011,Two Rivers Tribal Police,Tribal Police,2022-06,18,528,61,0,0,0.0
A011,Two Rivers Tribal Police,Tribal Police,2022-07,18,486,45,0,0,0.0
A011,Two Rivers Tribal Police,Tribal Police,2022-08,18,499,37,0,0,0.0
A011,Two Rivers Tribal Police,Tribal Police,2022-09,18,514,35,0,0,0.0
A011,Two Rivers Tribal Police,Tribal Police,2022-10,18,496,26,1,0,3.846
A011,Two Rivers Tribal Police,Tribal Police,2022-11,18,491,37,2,0,5.405
A011,Two Rivers Tribal Police,Tribal Police,2022-12,18,437,39,1,0,2.564
A011,Two Rivers Tribal Police,Tribal Police,2023-01,18,496,41,1,0,2.439
A011,Two Rivers Tribal Police,Tribal Police,2023-02,18,456,31,1,0,3.226
A011,Two Rivers Tribal Police,Tribal Police,2023-03,18,442,34,0,0,0.0
A011,Two Rivers Tribal Police,Tribal Police,2023-04,18,458,34,1,0,2.941
A011,Two Rivers Tribal Police,Tribal Police,2023-05,18,546,37,1,0,2.703
A011,Two Rivers Tribal Police,Tribal Police,2023-06,18,523,59,1,0,1.695
A011,Two Rivers Tribal Police,Tribal Police,2023-07,18,538,60,1,0,1.667
A011,Two Rivers Tribal Police,Tribal Police,2023-08,18,550,33,0,0,0.0
A011,Two Rivers Tribal Police,Tribal Police,2023-09,18,490,28,3,0,10.714
A011,Two Rivers Tribal Police,Tribal Police,2023-10,18,527,40,0,0,0.0
A011,Two Rivers Tribal Police,Tribal Police,2023-11,18,466,30,1,0,3.333
A011,Two Rivers Tribal Police,Tribal Police,2023-12,18,466,35,3,0,8.571
A011,Two Rivers Tribal Police,Tribal Police,2024-01,18,509,39,0,0,0.0
A011,Two Rivers Tribal Police,Tribal Police,2024-02,18,486,35,0,0,0.0
A011,Two Rivers Tribal Police,Tribal Police,2024-03,18,507,40,2,0,5.0
A011,Two Rivers Tribal Police,Tribal Police,2024-04,18,496,24,0,0,0.0
A011,Two Rivers Tribal Police,Tribal Police,2024-05,18,461,40,1,0,2.5
A011,Two Rivers Tribal Police,Tribal Police,2024-06,18,569,35,0,0,0.0
A011,Two Rivers Tribal Police,Tribal Police,2024-07,18,525,37,0,0,0.0
A011,Two Rivers Tribal Police,Tribal Police,2024-08,18,508,29,0,0,0.0
A011,Two Rivers Tribal Police,Tribal Police,2024-09,18,509,35,1,0,2.857
A011,Two Rivers Tribal Police,Tribal Police,2024-10,18,506,32,1,0,3.125
A011,Two Rivers Tribal Police,Tribal Police,2024-11,18,470,39,1,0,2.564
A011,Two Rivers Tribal Police,Tribal Police,2024-12,18,495,33,1,0,3.03
A011,Two Rivers Tribal Police,Tribal Police,2025-01,18,483,32,1,0,3.125
A011,Two Rivers Tribal Police,Tribal Police,2025-02,18,433,29,1,0,3.448
A011,Two Rivers Tribal Police,Tribal Police,2025-03,18,457,44,2,0,4.545
A011,Two Rivers Tribal Police,Tribal Police,2025-04,18,495,43,1,0,2.326
A011,Two Rivers Tribal Police,Tribal Police,2025-05,18,527,41,0,0,0.0
A011,Two Rivers Tribal Police,Tribal Police,2025-06,18,540,39,0,0,0.0
A011,Two Rivers Tribal Police,Tribal Police,2025-07,18,536,50,1,0,2.0
A011,Two Rivers Tribal Police,Tribal Police,2025-08,18,536,42,3,0,7.143
A011,Two Rivers Tribal Police,Tribal Police,2025-09,18,538,46,0,0,0.0
A011,Two Rivers Tribal Police,Tribal Police,2025-10,18,561,41,2,0,4.878
A011,Two Rivers Tribal Police,Tribal Police,2025-11,18,469,34,0,0,0.0
A011,Two Rivers Tribal Police,Tribal Police,2025-12,18,514,36,1,0,2.778
A011,Two Rivers Tribal Police,Tribal Police,2026-01,18,474,23,0,0,0.0
A011,Two Rivers Tribal Police,Tribal Police,2026-02,18,452,28,0,0,0.0
A011,Two Rivers Tribal Police,Tribal Police,2026-03,18,504,29,0,0,0.0
A011,Two Rivers Tribal Police,Tribal Police,2026-04,18,464,24,0,0,0.0
A011,Two Rivers Tribal Police,Tribal Police,2026-05,18,355,27,0,1,0.0
A011,Two Rivers Tribal Police,Tribal Police,2026-06,18,255,15,0,1,0.0
A012,Grandview Police Department,Municipal Police,2019-01,902,39156,3745,90,0,2.403
A012,Grandview Police Department,Municipal Police,2019-02,902,36105,3359,99,0,2.947
A012,Grandview Police Department,Municipal Police,2019-03,902,39090,3642,72,0,1.977
A012,Grandview Police Department,Municipal Police,2019-04,902,42082,3759,113,0,3.006
A012,Grandview Police Department,Municipal Police,2019-05,902,40982,3986,126,0,3.161
A012,Grandview Police Department,Municipal Police,2019-06,902,44615,4289,126,0,2.938
A012,Grandview Police Department,Municipal Police,2019-07,902,46547,4053,167,0,4.12
A012,Grandview Police Department,Municipal Police,2019-08,902,44973,3795,130,0,3.426
A012,Grandview Police Department,Municipal Police,2019-09,902,43873,3963,114,0,2.877
A012,Grandview Police Department,Municipal Police,2019-10,902,42640,4354,148,0,3.399
A012,Grandview Police Department,Municipal Police,2019-11,902,40633,3917,105,0,2.681
A012,Grandview Police Department,Municipal Police,2019-12,902,38708,4122,115,0,2.79
A012,Grandview Police Department,Municipal Police,2020-01,902,41178,4029,78,0,1.936
A012,Grandview Police Department,Municipal Police,2020-02,902,38851,3525,67,0,1.901
A012,Grandview Police Department,Municipal Police,2020-03,902,40080,3353,86,0,2.565
A012,Grandview Police Department,Municipal Police,2020-04,902,42684,3662,86,0,2.348
A012,Grandview Police Department,Municipal Police,2020-05,902,42411,3876,121,0,3.122
A012,Grandview Police Department,Municipal Police,2020-06,902,43625,4019,158,0,3.931
A012,Grandview Police Department,Municipal Police,2020-07,902,45927,4130,132,0,3.196
A012,Grandview Police Department,Municipal Police,2020-08,902,45104,4601,157,0,3.412
A012,Grandview Police Department,Municipal Police,2020-09,902,46222,4428,118,0,2.665
A012,Grandview Police Department,Municipal Police,2020-10,902,43659,3782,97,0,2.565
A012,Grandview Police Department,Municipal Police,2020-11,902,40639,3726,101,0,2.711
A012,Grandview Police Department,Municipal Police,2020-12,902,42125,3707,73,0,1.969
A012,Grandview Police Department,Municipal Police,2021-01,902,38984,3423,93,0,2.717
A012,Grandview Police Department,Municipal Police,2021-02,902,40382,4073,87,0,2.136
A012,Grandview Police Department,Municipal Police,2021-03,902,41698,3056,64,0,2.094
A012,Grandview Police Department,Municipal Police,2021-04,902,41389,3373,65,0,1.927
A012,Grandview Police Department,Municipal Police,2021-05,902,45361,4325,126,0,2.913
A012,Grandview Police Department,Municipal Police,2021-06,902,46266,4413,148,0,3.354
A012,Grandview Police Department,Municipal Police,2021-07,902,46597,4516,120,0,2.657
A012,Grandview Police Department,Municipal Police,2021-08,902,47052,4588,155,0,3.378
A012,Grandview Police Department,Municipal Police,2021-09,902,45351,3911,108,0,2.761
A012,Grandview Police Department,Municipal Police,2021-10,902,43512,3826,95,0,2.483
A012,Grandview Police Department,Municipal Police,2021-11,902,41555,3770,93,0,2.467
A012,Grandview Police Department,Municipal Police,2021-12,902,39125,3331,70,0,2.101
A012,Grandview Police Department,Municipal Police,2022-01,902,40186,3902,78,0,1.999
A012,Grandview Police Department,Municipal Police,2022-02,902,40096,3600,78,0,2.167
A012,Grandview Police Department,Municipal Police,2022-03,902,42542,4327,103,0,2.38
A012,Grandview Police Department,Municipal Police,2022-04,902,44458,3851,104,0,2.701
A012,Grandview Police Department,Municipal Police,2022-05,902,44780,3715,89,0,2.396
A012,Grandview Police Department,Municipal Police,2022-06,902,45865,4330,124,0,2.864
A012,Grandview Police Department,Municipal Police,2022-07,902,48601,4595,156,0,3.395
A012,Grandview Police Department,Municipal Police,2022-08,902,45232,4436,149,0,3.359
A012,Grandview Police Department,Municipal Police,2022-09,902,45693,4413,131,0,2.969
A012,Grandview Police Department,Municipal Police,2022-10,902,44611,3918,90,0,2.297
A012,Grandview Police Department,Municipal Police,2022-11,902,44386,3856,91,0,2.36
A012,Grandview Police Department,Municipal Police,2022-12,902,42422,3915,61,0,1.558
A012,Grandview Police Department,Municipal Police,2023-01,902,41175,3480,50,0,1.437
A012,Grandview Police Department,Municipal Police,2023-02,902,39169,3278,64,0,1.952
A012,Grandview Police Department,Municipal Police,2023-03,902,42436,3871,86,0,2.222
A012,Grandview Police Department,Municipal Police,2023-04,902,43002,4035,108,0,2.677
A012,Grandview Police Department,Municipal Police,2023-05,902,43651,4044,85,0,2.102
A012,Grandview Police Department,Municipal Police,2023-06,902,46620,4569,128,0,2.801
A012,Grandview Police Department,Municipal Police,2023-07,902,46886,4337,157,0,3.62
A012,Grandview Police Department,Municipal Police,2023-08,902,48665,4664,144,0,3.087
A012,Grandview Police Department,Municipal Police,2023-09,902,47323,4624,89,0,1.925
A012,Grandview Police Department,Municipal Police,2023-10,902,43991,3770,84,0,2.228
A012,Grandview Police Department,Municipal Police,2023-11,902,42461,4450,63,0,1.416
A012,Grandview Police Department,Municipal Police,2023-12,902,42620,3913,78,0,1.993
A012,Grandview Police Department,Municipal Police,2024-01,902,42469,4042,82,0,2.029
A012,Grandview Police Department,Municipal Police,2024-02,902,42178,4114,64,0,1.556
A012,Grandview Police Department,Municipal Police,2024-03,902,43911,4301,85,0,1.976
A012,Grandview Police Department,Municipal Police,2024-04,902,41851,3904,67,0,1.716
A012,Grandview Police Department,Municipal Police,2024-05,902,44693,3957,110,0,2.78
A012,Grandview Police Department,Municipal Police,2024-06,902,48894,4863,134,0,2.756
A012,Grandview Police Department,Municipal Police,2024-07,902,49154,4108,109,0,2.653
A012,Grandview Police Department,Municipal Police,2024-08,902,47057,4659,133,0,2.855
A012,Grandview Police Department,Municipal Police,2024-09,902,47006,3817,98,0,2.567
A012,Grandview Police Department,Municipal Police,2024-10,902,45534,4738,114,0,2.406
A012,Grandview Police Department,Municipal Police,2024-11,902,44561,3980,62,0,1.558
A012,Grandview Police Department,Municipal Police,2024-12,902,43329,3696,73,0,1.975
A012,Grandview Police Department,Municipal Police,2025-01,902,41795,3729,64,0,1.716
A012,Grandview Police Department,Municipal Police,2025-02,902,39576,3380,53,0,1.568
A012,Grandview Police Department,Municipal Police,2025-03,902,43057,4501,89,0,1.977
A012,Grandview Police Department,Municipal Police,2025-04,902,45361,3660,75,0,2.049
A012,Grandview Police Department,Municipal Police,2025-05,902,46100,3792,98,0,2.584
A012,Grandview Police Department,Municipal Police,2025-06,902,46462,4268,93,0,2.179
A012,Grandview Police Department,Municipal Police,2025-07,902,50549,4729,141,0,2.982
A012,Grandview Police Department,Municipal Police,2025-08,902,50563,4954,127,0,2.564
A012,Grandview Police Department,Municipal Police,2025-09,902,49130,4971,101,0,2.032
A012,Grandview Police Department,Municipal Police,2025-10,902,46801,3920,72,0,1.837
A012,Grandview Police Department,Municipal Police,2025-11,902,43683,3954,74,0,1.872
A012,Grandview Police Department,Municipal Police,2025-12,902,42285,3560,71,0,1.994
A012,Grandview Police Department,Municipal Police,2026-01,902,41296,3539,66,0,1.865
A012,Grandview Police Department,Municipal Police,2026-02,902,40809,3149,50,0,1.588
A012,Grandview Police Department,Municipal Police,2026-03,902,41080,3887,91,0,2.341
A012,Grandview Police Department,Municipal Police,2026-04,902,43408,4847,97,0,2.001
A012,Grandview Police Department,Municipal Police,2026-05,902,32513,2973,54,1,1.816
A012,Grandview Police Department,Municipal Police,2026-06,902,21758,1882,20,1,1.063
